kind,label,morph,gamma_min,gamma_max,tau_h,config,seed,J,terminal_phi_sen,terminal_rho_bar,terminal_varphi_bar_deg,n_violations,rmse_phi_sen,rmse_rho_bar,rmse_varphi_bar_deg,solver_success_rate
oat,morph:low,5.920000000000001,,,,closed,42,13.51872377,0.2718772073,2.043516279,31.91303714,0,8.949412148e-05,0.01227787992,1.382220782,1.0
oat,morph:low,5.920000000000001,,,,open,42,13.51376346,0.2720147625,2.043680715,31.89608569,0,0,0.01238119747,1.392884715,1.0
oat,morph:low,5.920000000000001,,,,closed,43,13.51872331,0.2718772177,2.043516296,31.9130354,0,8.948771436e-05,0.01227789029,1.382221891,1.0
oat,morph:low,5.920000000000001,,,,open,43,13.51376356,0.2720147605,2.043680711,31.89608603,0,0,0.01238119718,1.392884683,1.0
oat,morph:low,5.920000000000001,,,,closed,44,13.51872375,0.271877208,2.043516281,31.91303693,0,8.949065834e-05,0.01227788235,1.382221015,1.0
oat,morph:low,5.920000000000001,,,,open,44,13.51376354,0.2720147596,2.043680717,31.89608539,0,0,0.01238119725,1.392884691,1.0
oat,morph:low,5.920000000000001,,,,closed,45,13.51872401,0.2718772009,2.04351627,31.91303809,0,8.949229981e-05,0.01227787901,1.382220653,1.0
oat,morph:low,5.920000000000001,,,,open,45,13.51376363,0.2720147563,2.043680714,31.89608566,0,0,0.01238119696,1.392884658,1.0
oat,morph:low,5.920000000000001,,,,closed,46,13.51872416,0.2718772007,2.043516263,31.91303892,0,8.963412643e-05,0.01227779336,1.38221277,1.0
oat,morph:low,5.920000000000001,,,,open,46,13.51376084,0.2720148908,2.043680641,31.89609541,0,0,0.01238120571,1.392885642,1.0
oat,morph:high,8.88,,,,closed,42,14.96145073,0.2721118515,2.015827284,35.03068893,0,6.2668689e-05,0.009101785339,1.024628509,1.0
oat,morph:high,8.88,,,,open,42,14.96410015,0.2720147625,2.015737459,35.03970196,0,0,0.009156062134,1.03005699,1.0
oat,morph:high,8.88,,,,closed,43,14.96145082,0.2721118873,2.015827261,35.03069186,0,6.271541575e-05,0.009101768154,1.024627198,1.0
oat,morph:high,8.88,,,,open,43,14.96410023,0.2720147605,2.015737456,35.0397022,0,0,0.00915606193,1.030056967,1.0
oat,morph:high,8.88,,,,closed,44,14.96145225,0.2721118053,2.015827241,35.03069324,0,6.264432838e-05,0.009101812694,1.024631355,1.0
oat,morph:high,8.88,,,,open,44,14.9641002,0.2720147596,2.01573746,35.03970179,0,0,0.00915606197,1.030056972,1.0
oat,morph:high,8.88,,,,closed,45,14.9614524,0.2721117997,2.015827235,35.03069381,0,6.264329306e-05,0.009101813796,1.02463147,1.0
oat,morph:high,8.88,,,,open,45,14.96410026,0.2720147563,2.015737458,35.039702,0,0,0.009156061751,1.030056947,1.0
oat,morph:high,8.88,,,,closed,46,14.96145126,0.2721118723,2.015827249,35.03069306,0,6.256695355e-05,0.009101855611,1.02463522,1.0
oat,morph:high,8.88,,,,open,46,14.96409851,0.2720148908,2.015737427,35.03970697,0,0,0.009156068564,1.030057713,1.0
oat,gamma_min:low,,0.002224,,,closed,42,14.30748637,0.2708885757,2.029140971,33.51913724,0,0.0008853934159,0.0005469825813,0.06935689489,1.0
oat,gamma_min:low,,0.002224,,,open,42,14.32944522,0.2702175908,2.028012833,33.63850413,0,0.001176613273,3.876066909e-05,0.01595703105,1.0
oat,gamma_min:low,,0.002224,,,closed,43,14.30748816,0.2708884804,2.029140957,33.51913771,0,0.0008854894793,0.0005469640686,0.06935491993,1.0
oat,gamma_min:low,,0.002224,,,open,43,14.32944531,0.2702175888,2.028012831,33.63850442,0,0.001176613269,3.87606654e-05,0.01595703054,1.0
oat,gamma_min:low,,0.002224,,,closed,44,14.30748657,0.2708885213,2.029140975,33.51913615,0,0.0008854619485,0.0005469922769,0.06935790498,1.0
oat,gamma_min:low,,0.002224,,,open,44,14.32944529,0.2702175879,2.028012835,33.63850391,0,0.001176613269,3.876066944e-05,0.01595703081,1.0
oat,gamma_min:low,,0.002224,,,closed,45,14.30748693,0.2708885585,2.029140926,33.5191421,0,0.0008853901825,0.0005469680278,0.06935537358,1.0
oat,gamma_min:low,,0.002224,,,open,45,14.32944536,0.2702175847,2.028012833,33.63850415,0,0.001176613262,3.876066704e-05,0.01595703031,1.0
oat,gamma_min:low,,0.002224,,,closed,46,14.30748683,0.2708885611,2.029140929,33.51914181,0,0.0008855450466,0.0005469597324,0.06935445299,1.0
oat,gamma_min:low,,0.002224,,,open,46,14.32944311,0.2702177194,2.028012786,33.63851092,0,0.001176613474,3.876064415e-05,0.01595704052,1.0
oat,gamma_min:high,,0.003336,,,closed,42,14.36821786,0.2731213454,2.026693352,33.81961303,0,0.0008772066041,0.0005699645956,0.07180781194,1.0
oat,gamma_min:high,,0.003336,,,open,42,14.34521737,0.2738076654,2.027875028,33.69439561,0,0.001174330599,3.868925546e-05,0.01592330577,1.0
oat,gamma_min:high,,0.003336,,,closed,43,14.36821583,0.2731214041,2.026693506,33.81959632,0,0.0008772198365,0.0005699059856,0.07180164444,1.0
oat,gamma_min:high,,0.003336,,,open,43,14.34521746,0.2738076634,2.027875025,33.6943959,0,0.001174330595,3.868925179e-05,0.01592330526,1.0
oat,gamma_min:high,,0.003336,,,closed,44,14.3682146,0.273121511,2.026693394,33.81961016,0,0.0008773696708,0.0005699238767,0.07180352327,1.0
oat,gamma_min:high,,0.003336,,,open,44,14.34521743,0.2738076626,2.027875029,33.69439539,0,0.001174330595,3.868925582e-05,0.01592330553,1.0
oat,gamma_min:high,,0.003336,,,closed,45,14.36821587,0.2731214034,2.026693504,33.8195966,0,0.0008772250986,0.0005699070715,0.0718017582,1.0
oat,gamma_min:high,,0.003336,,,open,45,14.34521751,0.2738076593,2.027875027,33.69439563,0,0.001174330588,3.868925342e-05,0.01592330503,1.0
oat,gamma_min:high,,0.003336,,,closed,46,14.36821608,0.2731213976,2.026693501,33.81959692,0,0.0008770651387,0.0005699201708,0.07180314904,1.0
oat,gamma_min:high,,0.003336,,,open,46,14.34521528,0.2738077935,2.027874981,33.69440237,0,0.001174330799,3.868923055e-05,0.01592331522,1.0
oat,gamma_max:low,,,0.010000000000000002,,closed,42,14.29873238,0.2706602563,2.029423378,33.48479784,0,0.001295985774,0.0006921947834,0.08733418286,1.0
oat,gamma_max:low,,,0.010000000000000002,,open,42,14.32685865,0.2697551711,2.028030584,33.63130503,0,0.001646731494,7.039060246e-05,0.02037296812,1.0
oat,gamma_max:low,,,0.010000000000000002,,closed,43,14.29874192,0.2706599357,2.029423331,33.48479953,0,0.001296209847,0.0006920726632,0.08732158794,1.0
oat,gamma_max:low,,,0.010000000000000002,,open,43,14.32685874,0.269755169,2.028030581,33.63130531,0,0.001646731521,7.039059976e-05,0.02037296818,1.0
oat,gamma_max:low,,,0.010000000000000002,,closed,44,14.29873241,0.2706602555,2.029423381,33.48479754,0,0.001295984014,0.0006921951034,0.0873342192,1.0
oat,gamma_max:low,,,0.010000000000000002,,open,44,14.32685872,0.2697551683,2.028030585,33.63130481,0,0.001646731544,7.039060345e-05,0.02037296841,1.0
oat,gamma_max:low,,,0.010000000000000002,,closed,45,14.29874207,0.2706599313,2.029423328,33.48479987,0,0.001296207066,0.0006920698946,0.08732130886,1.0
oat,gamma_max:low,,,0.010000000000000002,,open,45,14.32685879,0.2697551649,2.028030583,33.63130504,0,0.0016467316,7.039060306e-05,0.02037296863,1.0
oat,gamma_max:low,,,0.010000000000000002,,closed,46,14.2987324,0.2706602554,2.029423373,33.48479837,0,0.001296122628,0.0006921829812,0.08733275294,1.0
oat,gamma_max:low,,,0.010000000000000002,,open,46,14.32685656,0.2697553001,2.028030536,33.63131183,0,0.001646729143,7.039053275e-05,0.020372955,1.0
oat,gamma_max:high,,,0.015,,closed,42,14.37887387,0.2733744491,2.026373583,33.85843451,0,0.001265260884,0.0007421244036,0.09312389614,1.0
oat,gamma_max:high,,,0.015,,open,42,14.34779662,0.2742676761,2.02785737,33.70155721,0,0.001642921321,7.02546724e-05,0.02031985038,1.0
oat,gamma_max:high,,,0.015,,closed,43,14.3788751,0.2733744192,2.026373542,33.85843873,0,0.001265250983,0.0007421496918,0.0931265592,1.0
oat,gamma_max:high,,,0.015,,open,43,14.34779671,0.2742676742,2.027857367,33.7015575,0,0.001642921348,7.025466971e-05,0.02031985044,1.0
oat,gamma_max:high,,,0.015,,closed,44,14.37887521,0.2733744123,2.026373547,33.85843808,0,0.00126524577,0.0007421508984,0.0931266818,1.0
oat,gamma_max:high,,,0.015,,open,44,14.34779668,0.2742676733,2.027857372,33.70155699,0,0.001642921371,7.02546734e-05,0.02031985067,1.0
oat,gamma_max:high,,,0.015,,closed,45,14.3788739,0.2733744485,2.026373583,33.85843449,0,0.001265265869,0.0007421231509,0.09312376666,1.0
oat,gamma_max:high,,,0.015,,open,45,14.34779676,0.2742676701,2.027857369,33.70155723,0,0.001642921427,7.0254673e-05,0.02031985089,1.0
oat,gamma_max:high,,,0.015,,closed,46,14.37887387,0.2733744467,2.026373588,33.85843388,0,0.001265121673,0.0007421403883,0.09312553515,1.0
oat,gamma_max:high,,,0.015,,open,46,14.34779451,0.2742678039,2.027857323,33.70156396,0,0.001642918979,7.025460291e-05,0.02031983734,1.0
oat,tau_h:low,,,,0.4,closed,42,14.29679816,0.2704994921,2.029518574,33.47227966,0,0.001331507703,0.0007301773172,0.0925261703,1.0
oat,tau_h:low,,,,0.4,open,42,14.32624721,0.269550028,2.028038458,33.62811129,0,0.001711933673,6.85651672e-05,0.02184148395,1.0
oat,tau_h:low,,,,0.4,closed,43,14.29679808,0.2704994946,2.029518579,33.47227921,0,0.001331506407,0.0007301807554,0.09252652761,1.0
oat,tau_h:low,,,,0.4,open,43,14.32624729,0.2695500259,2.028038455,33.62811158,0,0.001711933704,6.856516405e-05,0.02184148402,1.0
oat,tau_h:low,,,,0.4,closed,44,14.29679808,0.2704994944,2.029518578,33.47227931,0,0.001331503768,0.0007301791681,0.09252636491,1.0
oat,tau_h:low,,,,0.4,open,44,14.32624727,0.2695500251,2.02803846,33.62811107,0,0.001711933741,6.856516865e-05,0.02184148449,1.0
oat,tau_h:low,,,,0.4,closed,45,14.29679807,0.2704994944,2.029518579,33.47227922,0,0.001331501676,0.0007301810652,0.09252656815,1.0
oat,tau_h:low,,,,0.4,open,45,14.32624734,0.2695500217,2.028038457,33.62811131,0,0.001711933807,6.85651681e-05,0.02184148479,1.0
oat,tau_h:low,,,,0.4,closed,46,14.29678846,0.2704998189,2.029518623,33.47227791,0,0.001331408172,0.0007302903452,0.09253765189,1.0
oat,tau_h:low,,,,0.4,open,46,14.32624512,0.2695501579,2.02803841,33.62811811,0,0.001711930612,6.856507846e-05,0.02184146131,1.0
oat,tau_h:high,,,,0.6,closed,42,14.37987329,0.2735454873,2.026284889,33.87033676,0,0.001255638509,0.0007690427276,0.09700548945,1.0
oat,tau_h:high,,,,0.6,open,42,14.34815141,0.2744545145,2.027850198,33.70446597,0,0.001651267269,6.326926499e-05,0.02145540058,1.0
oat,tau_h:high,,,,0.6,closed,43,14.37987699,0.2735453958,2.026284808,33.87034482,0,0.001255594303,0.0007691141167,0.09701301796,1.0
oat,tau_h:high,,,,0.6,open,43,14.3481515,0.2744545126,2.027850196,33.70446626,0,0.001651267299,6.326926166e-05,0.02145540061,1.0
oat,tau_h:high,,,,0.6,closed,44,14.37987353,0.2735454789,2.026284884,33.87033722,0,0.001255635395,0.0007690462445,0.09700586112,1.0
oat,tau_h:high,,,,0.6,open,44,14.34815147,0.2744545117,2.0278502,33.70446575,0,0.001651267345,6.326926674e-05,0.02145540126,1.0
oat,tau_h:high,,,,0.6,closed,45,14.37987178,0.2735455261,2.02628502,33.87032244,0,0.001255647268,0.0007689963606,0.09700058662,1.0
oat,tau_h:high,,,,0.6,open,45,14.34815154,0.2744545085,2.027850198,33.70446599,0,0.001651267412,6.326926605e-05,0.02145540158,1.0
oat,tau_h:high,,,,0.6,closed,46,14.37987284,0.2735454956,2.026284941,33.87033095,0,0.00125549139,0.0007690397359,0.09700510637,1.0
oat,tau_h:high,,,,0.6,open,46,14.34814929,0.2744546405,2.027850151,33.7044727,0,0.001651263901,6.326916625e-05,0.02145537233,1.0
morph,morph=6h,6.0,,,,closed,42,13.5693668,0.2718859676,2.042566292,32.02000926,0,8.372273468e-05,0.01150664989,1.295395825,1.0
morph,morph=6h,6.0,,,,open,42,13.56476042,0.2720147625,2.042719284,32.0042466,0,0,0.01160246708,1.305277546,1.0
morph,morph=6h,6.0,,,,closed,43,13.56936685,0.2718859659,2.042566295,32.02000888,0,8.372388541e-05,0.01150664964,1.295395814,1.0
morph,morph=6h,6.0,,,,open,43,13.56476051,0.2720147605,2.042719281,32.00424694,0,0,0.01160246681,1.305277516,1.0
morph,morph=6h,6.0,,,,closed,44,13.56936671,0.2718859746,2.042566285,32.02001012,0,8.371118575e-05,0.01150665622,1.295396391,1.0
morph,morph=6h,6.0,,,,open,44,13.56476049,0.2720147596,2.042719287,32.0042463,0,0,0.01160246688,1.305277523,1.0
morph,morph=6h,6.0,,,,closed,45,13.56936707,0.2718859607,2.042566285,32.02001005,0,8.372157383e-05,0.01150664841,1.295395637,1.0
morph,morph=6h,6.0,,,,open,45,13.56476058,0.2720147563,2.042719284,32.00424657,0,0,0.0116024666,1.305277492,1.0
morph,morph=6h,6.0,,,,closed,46,13.56936728,0.2718859436,2.042566305,32.02000755,0,8.388678444e-05,0.01150655346,1.295387023,1.0
morph,morph=6h,6.0,,,,open,46,13.56475782,0.2720148908,2.042719213,32.00425611,0,0,0.01160247482,1.305278417,1.0
morph,morph=7h,7.0,,,,closed,42,14.13853532,0.2719826026,2.031764407,33.23630853,0,2.078118923e-05,0.002945451424,0.3315867022,1.0
morph,morph=7h,7.0,,,,open,42,14.13749218,0.2720147625,2.031799396,33.23273406,0,0,0.0029668838,0.3337744275,1.0
morph,morph=7h,7.0,,,,closed,43,14.13853781,0.2719824619,2.031764462,33.23630077,0,2.09302909e-05,0.002945364175,0.3315787486,1.0
morph,morph=7h,7.0,,,,open,43,14.13749227,0.2720147605,2.031799393,33.23273436,0,0,0.002966883732,0.3337744199,1.0
morph,morph=7h,7.0,,,,closed,44,14.13853779,0.2719824593,2.031764468,33.23629999,0,2.093258086e-05,0.002945363438,0.3315786956,1.0
morph,morph=7h,7.0,,,,open,44,14.13749224,0.2720147596,2.031799398,33.23273382,0,0,0.002966883748,0.3337744216,1.0
morph,morph=7h,7.0,,,,closed,45,14.13853549,0.2719825977,2.031764402,33.23630896,0,2.077896671e-05,0.002945451947,0.3315867292,1.0
morph,morph=7h,7.0,,,,open,45,14.13749232,0.2720147563,2.031799395,33.23273407,0,0,0.002966883677,0.3337744136,1.0
morph,morph=7h,7.0,,,,closed,46,14.13853773,0.271982462,2.031764472,33.23629956,0,2.107238809e-05,0.002945284313,0.3315715288,1.0
morph,morph=7h,7.0,,,,open,46,14.13748994,0.2720148908,2.031799343,33.23274148,0,0,0.002966885822,0.333774655,1.0
morph,morph=8h,8.0,,,,closed,42,14.60972735,0.2720579965,2.022676168,34.25958357,0,2.799508275e-05,0.003999053888,0.4501959132,1.0
morph,morph=8h,8.0,,,,open,42,14.61100038,0.2720147625,2.022633398,34.26390877,0,0,0.004025168559,0.4528314629,1.0
morph,morph=8h,8.0,,,,closed,43,14.60972873,0.2720578959,2.02267621,34.25957775,0,2.788482823e-05,0.00399911096,0.4502009553,1.0
morph,morph=8h,8.0,,,,open,43,14.61100047,0.2720147605,2.022633396,34.26390904,0,0,0.004025168468,0.4528314527,1.0
morph,morph=8h,8.0,,,,closed,44,14.60972873,0.2720578942,2.02267621,34.25957765,0,2.788503038e-05,0.003999111456,0.4502010137,1.0
morph,morph=8h,8.0,,,,open,44,14.61100044,0.2720147596,2.0226334,34.26390858,0,0,0.004025168487,0.4528314548,1.0
morph,morph=8h,8.0,,,,closed,45,14.60972564,0.2720579853,2.022676297,34.25956894,0,2.794383672e-05,0.003999048008,0.4501944738,1.0
morph,morph=8h,8.0,,,,open,45,14.61100051,0.2720147563,2.022633397,34.2639088,0,0,0.004025168391,0.452831444,1.0
morph,morph=8h,8.0,,,,closed,46,14.60972717,0.2720580023,2.022676171,34.25958334,0,2.786180697e-05,0.003999127831,0.4502025709,1.0
morph,morph=8h,8.0,,,,open,46,14.61099848,0.2720148908,2.022633358,34.26391474,0,0,0.004025171351,0.4528317769,1.0
morph,morph=9h,9.0,,,,closed,42,15.00555935,0.2721185199,2.014965133,35.12775585,0,6.697780848e-05,0.009736917161,1.096127698,1.0
morph,morph=9h,9.0,,,,open,42,15.00836103,0.2720147625,2.014870055,35.13728487,0,0,0.009794339021,1.10186314,1.0
morph,morph=9h,9.0,,,,closed,43,15.00555935,0.2721185191,2.014965133,35.12775589,0,6.697819902e-05,0.009736916128,1.096127581,1.0
morph,morph=9h,9.0,,,,open,43,15.00836111,0.2720147605,2.014870053,35.13728511,0,0,0.009794338804,1.101863115,1.0
morph,morph=9h,9.0,,,,closed,44,15.00556015,0.2721184916,2.014965075,35.12776212,0,6.697315068e-05,0.00973692874,1.096128959,1.0
morph,morph=9h,9.0,,,,open,44,15.00836108,0.2720147596,2.014870056,35.13728471,0,0,0.009794338846,1.10186312,1.0
morph,morph=9h,9.0,,,,closed,45,15.00555945,0.272118516,2.014965128,35.12775636,0,6.698130877e-05,0.009736915263,1.096127528,1.0
morph,morph=9h,9.0,,,,open,45,15.00836114,0.2720147563,2.014870054,35.13728492,0,0,0.009794338611,1.101863094,1.0
morph,morph=9h,9.0,,,,closed,46,15.00555954,0.2721184817,2.01496516,35.1277524,0,6.679212383e-05,0.009737013776,1.096136244,1.0
morph,morph=9h,9.0,,,,open,46,15.00835942,0.2720148908,2.014870024,35.13728977,0,0,0.009794345911,1.101863915,1.0
morph,morph=10h,10.0,,,,closed,42,15.34240657,0.272168179,2.00836119,35.87125813,0,9.88584902e-05,0.01455309878,1.638294582,1.0
morph,morph=10h,10.0,,,,open,42,15.34622252,0.2720147625,2.008230388,35.88424742,0,0,0.01463154746,1.64604909,1.0
morph,morph=10h,10.0,,,,closed,43,15.34240685,0.2721681689,2.008361181,35.87125907,0,9.885360451e-05,0.01455310281,1.638294983,1.0
morph,morph=10h,10.0,,,,open,43,15.3462226,0.2720147605,2.008230386,35.88424764,0,0,0.01463154714,1.646049054,1.0
morph,morph=10h,10.0,,,,closed,44,15.34240633,0.2721681886,2.008361197,35.87125742,0,9.88680899e-05,0.01455309184,1.638293908,1.0
morph,morph=10h,10.0,,,,open,44,15.34622257,0.2720147596,2.008230389,35.88424728,0,0,0.0146315472,1.64604906,1.0
morph,morph=10h,10.0,,,,closed,45,15.3424067,0.2721681755,2.008361185,35.87125867,0,9.886282626e-05,0.01455309682,1.638294419,1.0
morph,morph=10h,10.0,,,,open,45,15.34622262,0.2720147563,2.008230387,35.88424747,0,0,0.01463154685,1.646049021,1.0
morph,morph=10h,10.0,,,,closed,46,15.34240665,0.2721681766,2.00836119,35.87125809,0,9.871876079e-05,0.01455317644,1.638301594,1.0
morph,morph=10h,10.0,,,,open,46,15.34622119,0.2720148908,2.008230364,35.88425153,0,0,0.01463155788,1.646050261,1.0
morph,morph=11h,11.0,,,,closed,42,15.63232969,0.2722096951,2.00265323,36.51387073,0,0.000125464045,0.0186506889,2.099563452,1.0
morph,morph=11h,11.0,,,,open,42,15.63681523,0.2720147625,2.002497812,36.5291622,0,0,0.01874344592,2.108637666,1.0
morph,morph=11h,11.0,,,,closed,43,15.6323298,0.2722096915,2.002653224,36.51387132,0,0.000125464011,0.01865068913,2.099563476,1.0
morph,morph=11h,11.0,,,,open,43,15.63681531,0.2720147605,2.00249781,36.52916241,0,0,0.01874344551,2.10863762,1.0
morph,morph=11h,11.0,,,,closed,44,15.63232958,0.2722096998,2.00265324,36.51386966,0,0.0001254678851,0.01865068542,2.099563103,1.0
morph,morph=11h,11.0,,,,open,44,15.63681527,0.2720147596,2.002497813,36.52916208,0,0,0.01874344558,2.108637627,1.0
morph,morph=11h,11.0,,,,closed,45,15.63232955,0.2722097015,2.002653233,36.51387041,0,0.000125474445,0.01865068197,2.099562792,1.0
morph,morph=11h,11.0,,,,open,45,15.63681532,0.2720147563,2.002497811,36.52916226,0,0,0.01874344513,2.108637577,1.0
morph,morph=11h,11.0,,,,closed,46,15.63232953,0.2722097025,2.002653241,36.51386958,0,0.0001253295832,0.01865076165,2.099569969,1.0
morph,morph=11h,11.0,,,,open,46,15.63681415,0.2720148908,2.002497794,36.5291657,0,0,0.01874345939,2.108639181,1.0
morph,morph=12h,12.0,,,,closed,42,15.88438929,0.2722415063,1.997677512,37.07399685,0,0.0001443330019,0.02217945979,2.496750708,1.0
morph,morph=12h,12.0,,,,open,42,15.88928838,0.2720147625,1.997504612,37.09089717,0,0,0.02228043489,2.506548925,1.0
morph,morph=12h,12.0,,,,closed,43,15.8843887,0.2722415312,1.997677549,37.07399295,0,0.0001443421501,0.02217944888,2.49674957,1.0
morph,morph=12h,12.0,,,,open,43,15.88928845,0.2720147605,1.997504611,37.09089736,0,0,0.02228043441,2.506548871,1.0
morph,morph=12h,12.0,,,,closed,44,15.88439155,0.2722414206,1.997677464,37.07400123,0,0.0001442780505,0.02217950269,2.496754993,1.0
morph,morph=12h,12.0,,,,open,44,15.88928841,0.2720147596,1.997504613,37.09089707,0,0,0.02228043449,2.50654888,1.0
morph,morph=12h,12.0,,,,closed,45,15.88438877,0.2722415285,1.997677547,37.07399319,0,0.0001443451199,0.02217944771,2.496749482,1.0
morph,morph=12h,12.0,,,,open,45,15.88928845,0.2720147563,1.997504611,37.09089724,0,0,0.02228043395,2.50654882,1.0
morph,morph=12h,12.0,,,,closed,46,15.8843888,0.2722415271,1.997677545,37.07399338,0,0.0001442032656,0.02217952733,2.496756668,1.0
morph,morph=12h,12.0,,,,open,46,15.88928751,0.2720148908,1.997504598,37.09090019,0,0,0.02228045104,2.506550742,1.0
joint,lhs000,8.905123894346998,0.002711972206108383,0.0107379041346215,0.5096316507805435,closed,42,14.94618843,0.2711375123,2.016553534,34.93802446,0,0.0008696267161,0.008913570974,0.993967349,1.0
joint,lhs000,8.905123894346998,0.002711972206108383,0.0107379041346215,0.5096316507805435,open,42,14.96680286,0.2703993609,2.015589016,35.03822855,0,0.001166448213,0.009293753212,1.032981664,1.0
joint,lhs000,8.905123894346998,0.002711972206108383,0.0107379041346215,0.5096316507805435,closed,43,14.94619034,0.2711374409,2.016553394,34.93803939,0,0.0008696391055,0.008913599862,0.993970429,1.0
joint,lhs000,8.905123894346998,0.002711972206108383,0.0107379041346215,0.5096316507805435,open,43,14.96680294,0.2703993588,2.015589013,35.0382288,0,0.00116644823,0.009293753009,1.032981641,1.0
joint,lhs000,8.905123894346998,0.002711972206108383,0.0107379041346215,0.5096316507805435,closed,44,14.94618843,0.2711375121,2.016553539,34.9380239,0,0.0008696255875,0.008913569534,0.9939672005,1.0
joint,lhs000,8.905123894346998,0.002711972206108383,0.0107379041346215,0.5096316507805435,open,44,14.96680291,0.270399358,2.015589017,35.03822839,0,0.001166448243,0.009293753049,1.032981646,1.0
joint,lhs000,8.905123894346998,0.002711972206108383,0.0107379041346215,0.5096316507805435,closed,45,14.94618852,0.2711375088,2.01655353,34.93802487,0,0.000869622939,0.00891356881,0.9939671523,1.0
joint,lhs000,8.905123894346998,0.002711972206108383,0.0107379041346215,0.5096316507805435,open,45,14.96680297,0.2703993547,2.015589015,35.0382286,0,0.001166448276,0.009293752829,1.03298162,1.0
joint,lhs000,8.905123894346998,0.002711972206108383,0.0107379041346215,0.5096316507805435,closed,46,14.94618834,0.2711375154,2.016553544,34.93802332,0,0.0008697649057,0.008913649473,0.9939744424,1.0
joint,lhs000,8.905123894346998,0.002711972206108383,0.0107379041346215,0.5096316507805435,open,46,14.96680123,0.2703994895,2.015588984,35.03823355,0,0.001166446834,0.009293759653,1.032982407,1.0
joint,lhs001,11.079343411599043,0.0025637548223008634,0.011292254802802937,0.4754545951060979,closed,42,15.62419305,0.2707657287,2.003279689,36.42714946,0,0.001174459364,0.01860046957,2.08032791,1.0
joint,lhs001,11.079343411599043,0.0025637548223008634,0.011292254802802937,0.4754545951060979,open,42,15.65008674,0.2696785822,2.002083217,36.54952218,0,0.001619251281,0.01907043059,2.127718897,1.0
joint,lhs001,11.079343411599043,0.0025637548223008634,0.011292254802802937,0.4754545951060979,closed,43,15.62419375,0.2707656978,2.003279638,36.4271548,0,0.001174464126,0.01860047891,2.080328898,1.0
joint,lhs001,11.079343411599043,0.0025637548223008634,0.011292254802802937,0.4754545951060979,open,43,15.65008681,0.2696785801,2.002083215,36.54952238,0,0.001619251301,0.01907043018,2.12771885,1.0
joint,lhs001,11.079343411599043,0.0025637548223008634,0.011292254802802937,0.4754545951060979,closed,44,15.62419302,0.2707657297,2.003279689,36.42714943,0,0.00117445588,0.01860046726,2.080327694,1.0
joint,lhs001,11.079343411599043,0.0025637548223008634,0.011292254802802937,0.4754545951060979,open,44,15.65008678,0.2696785793,2.002083217,36.54952206,0,0.001619251321,0.01907043025,2.127718858,1.0
joint,lhs001,11.079343411599043,0.0025637548223008634,0.011292254802802937,0.4754545951060979,closed,45,15.62419382,0.2707656949,2.003279636,36.42715502,0,0.001174460277,0.01860047786,2.080328821,1.0
joint,lhs001,11.079343411599043,0.0025637548223008634,0.011292254802802937,0.4754545951060979,open,45,15.65008683,0.269678576,2.002083215,36.54952224,0,0.001619251361,0.0190704298,2.127718806,1.0
joint,lhs001,11.079343411599043,0.0025637548223008634,0.011292254802802937,0.4754545951060979,closed,46,15.62419304,0.2707657289,2.003279689,36.4271494,0,0.001174601968,0.01860054671,2.080334874,1.0
joint,lhs001,11.079343411599043,0.0025637548223008634,0.011292254802802937,0.4754545951060979,open,46,15.65008567,0.2696787114,2.002083199,36.54952565,0,0.001619249501,0.01907044416,2.127720446,1.0
joint,lhs002,8.526469939063741,0.0023638342395908654,0.013212250936143095,0.5854659612951543,closed,42,14.85268164,0.2730986152,2.017517429,34.85164866,0,0.0009645520894,0.007523337975,0.8559219196,1.0
joint,lhs002,8.526469939063741,0.0023638342395908654,0.013212250936143095,0.5854659612951543,open,42,14.83530063,0.2736481515,2.018349436,34.76423013,0,0.001190182491,0.007194112649,0.8218384885,1.0
joint,lhs002,8.526469939063741,0.0023638342395908654,0.013212250936143095,0.5854659612951543,closed,43,14.85268239,0.2730985926,2.017517394,34.85165238,0,0.0009645443112,0.007523350457,0.8559232134,1.0
joint,lhs002,8.526469939063741,0.0023638342395908654,0.013212250936143095,0.5854659612951543,open,43,14.83530072,0.2736481496,2.018349434,34.76423038,0,0.001190182527,0.007194112487,0.8218384708,1.0
joint,lhs002,8.526469939063741,0.0023638342395908654,0.013212250936143095,0.5854659612951543,closed,44,14.85268255,0.2730985883,2.017517378,34.8516541,0,0.0009645470044,0.007523352865,0.8559235188,1.0
joint,lhs002,8.526469939063741,0.0023638342395908654,0.013212250936143095,0.5854659612951543,open,44,14.83530069,0.2736481486,2.018349438,34.76422995,0,0.001190182576,0.007194112519,0.8218384751,1.0
joint,lhs002,8.526469939063741,0.0023638342395908654,0.013212250936143095,0.5854659612951543,closed,45,14.8526828,0.2730985826,2.017517373,34.85165459,0,0.000964547552,0.007523355506,0.8559238151,1.0
joint,lhs002,8.526469939063741,0.0023638342395908654,0.013212250936143095,0.5854659612951543,open,45,14.83530075,0.2736481455,2.018349435,34.76423017,0,0.001190182659,0.007194112344,0.8218384564,1.0
joint,lhs002,8.526469939063741,0.0023638342395908654,0.013212250936143095,0.5854659612951543,closed,46,14.8526823,0.2730985968,2.017517389,34.8516529,0,0.0009644171567,0.007523423932,0.8559298461,1.0
joint,lhs002,8.526469939063741,0.0023638342395908654,0.013212250936143095,0.5854659612951543,open,46,14.83529887,0.2736482776,2.018349402,34.76423545,0,0.001190178608,0.007194117772,0.8218390142,1.0
joint,lhs003,6.725160781628688,0.0024569627553780084,0.011713053058998724,0.5028915758998371,closed,42,13.96260737,0.2709273631,2.035763069,32.77458758,0,0.0008961456089,0.005578073116,0.6372472416,1.0
joint,lhs003,6.725160781628688,0.0024569627553780084,0.011713053058998724,0.5028915758998371,open,42,13.98313388,0.2703277103,2.034689431,32.8886257,0,0.001146647952,0.005179657723,0.595353515,1.0
joint,lhs003,6.725160781628688,0.0024569627553780084,0.011713053058998724,0.5028915758998371,closed,43,13.96260602,0.2709274375,2.035763034,32.77459232,0,0.000896058463,0.005578119515,0.6372514621,1.0
joint,lhs003,6.725160781628688,0.0024569627553780084,0.011713053058998724,0.5028915758998371,open,43,13.98313397,0.2703277083,2.034689428,32.88862601,0,0.001146647958,0.005179657601,0.5953535014,1.0
joint,lhs003,6.725160781628688,0.0024569627553780084,0.011713053058998724,0.5028915758998371,closed,44,13.96260735,0.2709273632,2.035763069,32.77458756,0,0.0008961426751,0.005578075102,0.6372474297,1.0
joint,lhs003,6.725160781628688,0.0024569627553780084,0.011713053058998724,0.5028915758998371,open,44,13.98313395,0.2703277074,2.034689433,32.88862545,0,0.001146647964,0.005179657631,0.5953535049,1.0
joint,lhs003,6.725160781628688,0.0024569627553780084,0.011713053058998724,0.5028915758998371,closed,45,13.9626061,0.270927436,2.035763032,32.77459257,0,0.0008960535905,0.005578120641,0.637251536,1.0
joint,lhs003,6.725160781628688,0.0024569627553780084,0.011713053058998724,0.5028915758998371,open,45,13.98313403,0.2703277041,2.034689431,32.8886257,0,0.001146647976,0.005179657505,0.5953534908,1.0
joint,lhs003,6.725160781628688,0.0024569627553780084,0.011713053058998724,0.5028915758998371,closed,46,13.96260731,0.2709273643,2.035763072,32.77458721,0,0.0008962917375,0.005578000013,0.6372406909,1.0
joint,lhs003,6.725160781628688,0.0024569627553780084,0.011713053058998724,0.5028915758998371,open,46,13.98313154,0.2703278389,2.034689374,32.88863364,0,0.001146647411,0.00517966128,0.5953539064,1.0
joint,lhs004,7.462003018343113,0.003023748592863141,0.013915035828847946,0.4628520005335973,closed,42,14.38552183,0.2726345121,2.026651261,33.8188714,0,0.0005522461298,0.0007340800128,0.08806720855,1.0
joint,lhs004,7.462003018343113,0.003023748592863141,0.013915035828847946,0.4628520005335973,open,42,14.37176327,0.2730498788,2.02733078,33.74709839,0,0.000728804561,0.0004482012045,0.05838926686,1.0
joint,lhs004,7.462003018343113,0.003023748592863141,0.013915035828847946,0.4628520005335973,closed,43,14.38552242,0.2726344971,2.026651217,33.81887614,0,0.0005522462013,0.0007340921318,0.08806852205,1.0
joint,lhs004,7.462003018343113,0.003023748592863141,0.013915035828847946,0.4628520005335973,open,43,14.37176336,0.2730498768,2.027330777,33.74709867,0,0.0007288045628,0.0004482011923,0.05838926552,1.0
joint,lhs004,7.462003018343113,0.003023748592863141,0.013915035828847946,0.4628520005335973,closed,44,14.38552202,0.2726345091,2.02665123,33.81887486,0,0.0005522549995,0.0007340836565,0.08806767241,1.0
joint,lhs004,7.462003018343113,0.003023748592863141,0.013915035828847946,0.4628520005335973,open,44,14.37176333,0.2730498759,2.027330782,33.74709817,0,0.0007288045586,0.0004482011954,0.05838926583,1.0
joint,lhs004,7.462003018343113,0.003023748592863141,0.013915035828847946,0.4628520005335973,closed,45,14.38552197,0.2726345095,2.026651233,33.81887457,0,0.0005522566208,0.0007340810389,0.08806740248,1.0
joint,lhs004,7.462003018343113,0.003023748592863141,0.013915035828847946,0.4628520005335973,open,45,14.3717634,0.2730498727,2.027330779,33.74709841,0,0.0007288045597,0.000448201183,0.05838926444,1.0
joint,lhs004,7.462003018343113,0.003023748592863141,0.013915035828847946,0.4628520005335973,closed,46,14.38552207,0.272634507,2.026651227,33.81887513,0,0.0005521062486,0.000734138446,0.08807251357,1.0
joint,lhs004,7.462003018343113,0.003023748592863141,0.013915035828847946,0.4628520005335973,open,46,14.3717612,0.2730500075,2.027330733,33.74710507,0,0.0007288046476,0.0004482015525,0.05838930651,1.0
joint,lhs005,9.051901965428087,0.0029042792144804317,0.011518463328116943,0.5299578170615074,closed,42,15.02621553,0.2722485221,2.014509247,35.1805056,0,0.0001638847394,0.01003026191,1.129933869,1.0
joint,lhs005,9.051901965428087,0.0029042792144804317,0.011518463328116943,0.5299578170615074,open,42,15.02774569,0.2721843011,2.014496526,35.18121416,0,0.0001156373918,0.01006747467,1.133479216,1.0
joint,lhs005,9.051901965428087,0.0029042792144804317,0.011518463328116943,0.5299578170615074,closed,43,15.02621546,0.2722485334,2.01450924,35.18050647,0,0.0001638976516,0.01003025453,1.129933221,1.0
joint,lhs005,9.051901965428087,0.0029042792144804317,0.011518463328116943,0.5299578170615074,open,43,15.02774577,0.2721842991,2.014496524,35.1812144,0,0.0001156373868,0.01006747445,1.133479191,1.0
joint,lhs005,9.051901965428087,0.0029042792144804317,0.011518463328116943,0.5299578170615074,closed,44,15.02621546,0.2722485342,2.01450924,35.18050652,0,0.0001639002075,0.01003025374,1.129933173,1.0
joint,lhs005,9.051901965428087,0.0029042792144804317,0.011518463328116943,0.5299578170615074,open,44,15.02774574,0.2721842982,2.014496528,35.18121399,0,0.0001156373921,0.01006747449,1.133479196,1.0
joint,lhs005,9.051901965428087,0.0029042792144804317,0.011518463328116943,0.5299578170615074,closed,45,15.02621564,0.2722485194,2.014509241,35.18050628,0,0.0001638891942,0.01003025947,1.129933661,1.0
joint,lhs005,9.051901965428087,0.0029042792144804317,0.011518463328116943,0.5299578170615074,open,45,15.0277458,0.272184295,2.014496525,35.1812142,0,0.0001156373879,0.01006747425,1.133479169,1.0
joint,lhs005,9.051901965428087,0.0029042792144804317,0.011518463328116943,0.5299578170615074,closed,46,15.0262156,0.2722485199,2.014509244,35.18050593,0,0.0001637634333,0.01003033968,1.129940902,1.0
joint,lhs005,9.051901965428087,0.0029042792144804317,0.011518463328116943,0.5299578170615074,open,46,15.0277441,0.2721844291,2.014496496,35.18121901,0,0.000115637383,0.01006748176,1.133480014,1.0
joint,lhs006,8.478018123138487,0.003268525896583072,0.010835762674683731,0.568703081483873,closed,42,14.82769844,0.2729782572,2.018006492,34.79527501,0,0.0006957286504,0.007156344791,0.8128986847,1.0
joint,lhs006,8.478018123138487,0.003268525896583072,0.010835762674683731,0.568703081483873,open,42,14.81462955,0.2734013939,2.018730408,34.71859478,0,0.0008610266093,0.006921201558,0.7881631314,1.0
joint,lhs006,8.478018123138487,0.003268525896583072,0.010835762674683731,0.568703081483873,closed,43,14.82769936,0.2729781569,2.018006563,34.79526591,0,0.0006955960461,0.007156396487,0.8129030027,1.0
joint,lhs006,8.478018123138487,0.003268525896583072,0.010835762674683731,0.568703081483873,open,43,14.81462963,0.2734013919,2.018730406,34.71859503,0,0.0008610266007,0.006921201401,0.7881631136,1.0
joint,lhs006,8.478018123138487,0.003268525896583072,0.010835762674683731,0.568703081483873,closed,44,14.82769954,0.2729781496,2.018006558,34.79526639,0,0.0006955929375,0.0071564002,0.8129033862,1.0
joint,lhs006,8.478018123138487,0.003268525896583072,0.010835762674683731,0.568703081483873,open,44,14.8146296,0.2734013911,2.018730409,34.7185946,0,0.0008610266126,0.006921201434,0.7881631175,1.0
joint,lhs006,8.478018123138487,0.003268525896583072,0.010835762674683731,0.568703081483873,closed,45,14.82769999,0.2729781372,2.018006517,34.79527088,0,0.0006955972102,0.007156404771,0.8129039482,1.0
joint,lhs006,8.478018123138487,0.003268525896583072,0.010835762674683731,0.568703081483873,open,45,14.81462967,0.2734013878,2.018730407,34.71859482,0,0.0008610266049,0.006921201266,0.7881630986,1.0
joint,lhs006,8.478018123138487,0.003268525896583072,0.010835762674683731,0.568703081483873,closed,46,14.82769921,0.2729781609,2.018006588,34.79526322,0,0.0006954416531,0.00715647067,0.8129096079,1.0
joint,lhs006,8.478018123138487,0.003268525896583072,0.010835762674683731,0.568703081483873,open,46,14.8146278,0.2734015212,2.018730373,34.71860017,0,0.000861026513,0.006921206422,0.7881636759,1.0
joint,lhs007,7.870697952439175,0.003237588295007933,0.0145175893106274,0.43646645911256077,closed,42,14.57912873,0.2729272701,2.022771078,34.25868551,0,0.0007854548638,0.003553228785,0.4081875449,1.0
joint,lhs007,7.870697952439175,0.003237588295007933,0.0145175893106274,0.43646645911256077,open,42,14.56099622,0.2734916844,2.023684766,34.16224528,0,0.001022209925,0.003206448739,0.3720261684,1.0
joint,lhs007,7.870697952439175,0.003237588295007933,0.0145175893106274,0.43646645911256077,closed,43,14.57912718,0.2729273137,2.022771104,34.25868306,0,0.00078548022,0.003553195198,0.408184101,1.0
joint,lhs007,7.870697952439175,0.003237588295007933,0.0145175893106274,0.43646645911256077,open,43,14.5609963,0.2734916824,2.023684763,34.16224555,0,0.001022209921,0.003206448664,0.37202616,1.0
joint,lhs007,7.870697952439175,0.003237588295007933,0.0145175893106274,0.43646645911256077,closed,44,14.57912701,0.2729273187,2.022771126,34.25868065,0,0.0007854815845,0.00355319242,0.4081838051,1.0
joint,lhs007,7.870697952439175,0.003237588295007933,0.0145175893106274,0.43646645911256077,open,44,14.56099628,0.2734916815,2.023684767,34.16224507,0,0.001022209911,0.003206448681,0.3720261617,1.0
joint,lhs007,7.870697952439175,0.003237588295007933,0.0145175893106274,0.43646645911256077,closed,45,14.57912902,0.2729272627,2.022771042,34.25868947,0,0.0007854637442,0.003553229988,0.4081877747,1.0
joint,lhs007,7.870697952439175,0.003237588295007933,0.0145175893106274,0.43646645911256077,open,45,14.56099634,0.2734916783,2.023684765,34.1622453,0,0.001022209901,0.003206448601,0.3720261527,1.0
joint,lhs007,7.870697952439175,0.003237588295007933,0.0145175893106274,0.43646645911256077,closed,46,14.57912687,0.2729273236,2.022771112,34.2586823,0,0.0007853381509,0.003553261644,0.4081900037,1.0
joint,lhs007,7.870697952439175,0.003237588295007933,0.0145175893106274,0.43646645911256077,open,46,14.56099428,0.2734918134,2.023684724,34.1622514,0,0.001022210525,0.003206451017,0.3720264304,1.0
joint,lhs008,10.785036500800985,0.0023101797428225325,0.012440904989208844,0.4324381158910392,closed,42,15.5320118,0.2701187558,2.005308514,36.1916282,0,0.001641294928,0.01732727429,1.931618577,1.0
joint,lhs008,10.785036500800985,0.0023101797428225325,0.012440904989208844,0.4324381158910392,open,42,15.56637243,0.2686997202,2.003679305,36.35895003,0,0.002228544219,0.01794442537,1.994138433,1.0
joint,lhs008,10.785036500800985,0.0023101797428225325,0.012440904989208844,0.4324381158910392,closed,43,15.53201672,0.2701185645,2.005308358,36.19164356,0,0.001641377821,0.01732736615,1.931627838,1.0
joint,lhs008,10.785036500800985,0.0023101797428225325,0.012440904989208844,0.4324381158910392,open,43,15.5663725,0.2686997182,2.003679303,36.35895024,0,0.00222854424,0.01794442498,1.994138389,1.0
joint,lhs008,10.785036500800985,0.0023101797428225325,0.012440904989208844,0.4324381158910392,closed,44,15.53201248,0.2701187258,2.005308465,36.1916334,0,0.001641297066,0.01732728275,1.9316195,1.0
joint,lhs008,10.785036500800985,0.0023101797428225325,0.012440904989208844,0.4324381158910392,open,44,15.56637247,0.2686997173,2.003679306,36.35894991,0,0.002228544267,0.01794442505,1.994138396,1.0
joint,lhs008,10.785036500800985,0.0023101797428225325,0.012440904989208844,0.4324381158910392,closed,45,15.53201379,0.2701186748,2.005308426,36.19163714,0,0.001641318276,0.01732730584,1.93162182,1.0
joint,lhs008,10.785036500800985,0.0023101797428225325,0.012440904989208844,0.4324381158910392,open,45,15.56637252,0.268699714,2.003679304,36.35895009,0,0.00222854431,0.01794442463,1.994138348,1.0
joint,lhs008,10.785036500800985,0.0023101797428225325,0.012440904989208844,0.4324381158910392,closed,46,15.53201186,0.2701187541,2.005308511,36.19162854,0,0.001641441077,0.01732735326,1.931625748,1.0
joint,lhs008,10.785036500800985,0.0023101797428225325,0.012440904989208844,0.4324381158910392,open,46,15.56637129,0.26869985,2.003679286,36.35895368,0,0.002228542098,0.01794443805,1.994139888,1.0
joint,lhs009,11.986034330324856,0.0022462540344427044,0.010187551396854894,0.456991696663666,closed,42,15.82686178,0.269348313,1.999620256,36.82288968,0,0.002430548835,0.02151951838,2.395244042,1.0
joint,lhs009,11.986034330324856,0.0022462540344427044,0.010187551396854894,0.456991696663666,open,42,15.87078393,0.2673222383,1.997554222,37.03252521,0,0.003236283204,0.02230451649,2.473777839,1.0
joint,lhs009,11.986034330324856,0.0022462540344427044,0.010187551396854894,0.456991696663666,closed,43,15.82686185,0.2693483094,1.999620255,36.82288984,0,0.002430550402,0.02151951864,2.395244052,1.0
joint,lhs009,11.986034330324856,0.0022462540344427044,0.010187551396854894,0.456991696663666,open,43,15.870784,0.2673222363,1.99755422,37.0325254,0,0.003236283239,0.02230451601,2.473777785,1.0
joint,lhs009,11.986034330324856,0.0022462540344427044,0.010187551396854894,0.456991696663666,closed,44,15.82686165,0.2693483197,1.999620267,36.82288852,0,0.002430545258,0.02151951491,2.395243696,1.0
joint,lhs009,11.986034330324856,0.0022462540344427044,0.010187551396854894,0.456991696663666,open,44,15.87078396,0.2673222355,1.997554223,37.0325251,0,0.003236283273,0.02230451609,2.473777793,1.0
joint,lhs009,11.986034330324856,0.0022462540344427044,0.010187551396854894,0.456991696663666,closed,45,15.82686182,0.269348311,1.999620256,36.82288968,0,0.002430544738,0.02151951563,2.395243781,1.0
joint,lhs009,11.986034330324856,0.0022462540344427044,0.010187551396854894,0.456991696663666,open,45,15.870784,0.2673222321,1.997554221,37.03252527,0,0.003236283344,0.02230451556,2.473777733,1.0
joint,lhs009,11.986034330324856,0.0022462540344427044,0.010187551396854894,0.456991696663666,closed,46,15.8268617,0.2693483172,1.999620264,36.82288883,0,0.002430693458,0.02151959513,2.395250955,1.0
joint,lhs009,11.986034330324856,0.0022462540344427044,0.010187551396854894,0.456991696663666,open,46,15.87078306,0.2673223681,1.997554208,37.03252826,0,0.003236280068,0.02230453234,2.473779663,1.0
joint,lhs010,9.947214432321953,0.0026849095483298634,0.01348513944253622,0.4025686435160408,closed,42,15.29822952,0.2708552515,2.009700603,35.70580377,0,0.001015838927,0.01397383154,1.561284715,1.0
joint,lhs010,9.947214432321953,0.0026849095483298634,0.01348513944253622,0.4025686435160408,open,42,15.32205663,0.2699292173,2.008581034,35.82133736,0,0.001405137276,0.01440851804,1.605535212,1.0
joint,lhs010,9.947214432321953,0.0026849095483298634,0.01348513944253622,0.4025686435160408,closed,43,15.29822399,0.2708554404,2.009700688,35.70579635,0,0.001015737433,0.01397371766,1.561273274,1.0
joint,lhs010,9.947214432321953,0.0026849095483298634,0.01348513944253622,0.4025686435160408,open,43,15.32205671,0.2699292152,2.008581032,35.82133758,0,0.001405137299,0.01440851772,1.605535176,1.0
joint,lhs010,9.947214432321953,0.0026849095483298634,0.01348513944253622,0.4025686435160408,closed,44,15.29822497,0.2708554147,2.009700741,35.70579005,0,0.001015765392,0.01397374288,1.561275722,1.0
joint,lhs010,9.947214432321953,0.0026849095483298634,0.01348513944253622,0.4025686435160408,open,44,15.32205668,0.2699292144,2.008581035,35.82133721,0,0.001405137329,0.01440851778,1.605535182,1.0
joint,lhs010,9.947214432321953,0.0026849095483298634,0.01348513944253622,0.4025686435160408,closed,45,15.29822503,0.2708554125,2.009700738,35.70579038,0,0.001015763421,0.01397374187,1.561275631,1.0
joint,lhs010,9.947214432321953,0.0026849095483298634,0.01348513944253622,0.4025686435160408,open,45,15.32205673,0.269929211,2.008581033,35.82133741,0,0.001405137378,0.01440851744,1.605535143,1.0
joint,lhs010,9.947214432321953,0.0026849095483298634,0.01348513944253622,0.4025686435160408,closed,46,15.29822748,0.2708553132,2.00970056,35.70580931,0,0.001015930777,0.01397386192,1.561287119,1.0
joint,lhs010,9.947214432321953,0.0026849095483298634,0.01348513944253622,0.4025686435160408,open,46,15.3220553,0.2699293472,2.00858101,35.82134153,0,0.001405134904,0.01440852816,1.605536381,1.0
joint,lhs011,11.695847880285552,0.002774628130109238,0.012272587896790166,0.5450919519164628,closed,42,15.82183882,0.2727674767,1.998754185,36.95878825,0,0.0005611852078,0.02129036325,2.401334288,1.0
joint,lhs011,11.695847880285552,0.002774628130109238,0.012272587896790166,0.5450919519164628,open,42,15.81885569,0.27287588,1.99895473,36.93744653,0,0.0005778325368,0.02124677226,2.396597523,1.0
joint,lhs011,11.695847880285552,0.002774628130109238,0.012272587896790166,0.5450919519164628,closed,43,15.82183913,0.2727674134,1.9987542,36.95878593,0,0.0005611108486,0.02129039087,2.401336526,1.0
joint,lhs011,11.695847880285552,0.002774628130109238,0.012272587896790166,0.5450919519164628,open,43,15.81885576,0.272875878,1.998954728,36.93744672,0,0.0005778325479,0.0212467718,2.396597471,1.0
joint,lhs011,11.695847880285552,0.002774628130109238,0.012272587896790166,0.5450919519164628,closed,44,15.8218387,0.2727674813,1.998754189,36.9587879,0,0.0005611907374,0.02129035921,2.401333899,1.0
joint,lhs011,11.695847880285552,0.002774628130109238,0.012272587896790166,0.5450919519164628,open,44,15.81885573,0.2728758771,1.998954731,36.93744641,0,0.0005778325649,0.02124677187,2.39659748,1.0
joint,lhs011,11.695847880285552,0.002774628130109238,0.012272587896790166,0.5450919519164628,closed,45,15.82183909,0.2727674153,1.998754203,36.95878563,0,0.0005611166323,0.02129038776,2.401336243,1.0
joint,lhs011,11.695847880285552,0.002774628130109238,0.012272587896790166,0.5450919519164628,open,45,15.81885577,0.2728758739,1.998954729,36.93744659,0,0.0005778325898,0.02124677136,2.396597422,1.0
joint,lhs011,11.695847880285552,0.002774628130109238,0.012272587896790166,0.5450919519164628,closed,46,15.82183886,0.2727674751,1.998754182,36.9587886,0,0.0005610403533,0.02129043872,2.401341081,1.0
joint,lhs011,11.695847880285552,0.002774628130109238,0.012272587896790166,0.5450919519164628,open,46,15.81885476,0.2728760074,1.998954715,36.93744967,0,0.0005778312886,0.02124678769,2.396599243,1.0
joint,lhs012,6.166109071557745,0.0026162297833421705,0.01367262112255084,0.4853164807952059,closed,42,13.67526152,0.2719501776,2.040543921,32.24824838,0,0.0001645355337,0.009896456192,1.1132833,1.0
joint,lhs012,6.166109071557745,0.0026162297833421705,0.01367262112255084,0.4853164807952059,open,42,13.66884193,0.2721318141,2.040760424,32.22593523,0,0.0001859429426,0.01002979388,1.127015765,1.0
joint,lhs012,6.166109071557745,0.0026162297833421705,0.01367262112255084,0.4853164807952059,closed,43,13.67526641,0.2719500579,2.040543715,32.24827018,0,0.0001645517223,0.009896363054,1.113273394,1.0
joint,lhs012,6.166109071557745,0.0026162297833421705,0.01367262112255084,0.4853164807952059,open,43,13.66884202,0.2721318121,2.040760421,32.22593556,0,0.0001859429455,0.01002979365,1.127015739,1.0
joint,lhs012,6.166109071557745,0.0026162297833421705,0.01367262112255084,0.4853164807952059,closed,44,13.67526263,0.2719501487,2.040543832,32.24825812,0,0.0001645373,0.009896439108,1.113281407,1.0
joint,lhs012,6.166109071557745,0.0026162297833421705,0.01367262112255084,0.4853164807952059,open,44,13.668842,0.2721318112,2.040760426,32.22593494,0,0.000185942952,0.0100297937,1.127015745,1.0
joint,lhs012,6.166109071557745,0.0026162297833421705,0.01367262112255084,0.4853164807952059,closed,45,13.67526156,0.2719501768,2.040543916,32.24824895,0,0.0001645354056,0.009896459634,1.113283615,1.0
joint,lhs012,6.166109071557745,0.0026162297833421705,0.01367262112255084,0.4853164807952059,open,45,13.66884208,0.272131808,2.040760423,32.22593521,0,0.0001859429631,0.01002979347,1.127015718,1.0
joint,lhs012,6.166109071557745,0.0026162297833421705,0.01367262112255084,0.4853164807952059,closed,46,13.67526143,0.2719501811,2.040543924,32.24824814,0,0.0001645295607,0.009896378695,1.113276273,1.0
joint,lhs012,6.166109071557745,0.0026162297833421705,0.01367262112255084,0.4853164807952059,open,46,13.66883939,0.2721319426,2.040760356,32.22594433,0,0.0001859424537,0.01002980059,1.127016528,1.0
joint,lhs013,8.214652145048564,0.002983169882611989,0.010539035072751383,0.4437763305992823,closed,42,14.66574351,0.2707531669,2.022205558,34.29784781,0,0.001261545757,0.004864303574,0.5346005885,1.0
joint,lhs013,8.214652145048564,0.002983169882611989,0.010539035072751383,0.4437763305992823,open,42,14.69253596,0.269818663,2.020922263,34.43170534,0,0.001618805203,0.005351161595,0.5848270768,1.0
joint,lhs013,8.214652145048564,0.002983169882611989,0.010539035072751383,0.4437763305992823,closed,43,14.66574884,0.2707529716,2.02220553,34.29784886,0,0.00126167647,0.004864419686,0.5346117863,1.0
joint,lhs013,8.214652145048564,0.002983169882611989,0.010539035072751383,0.4437763305992823,open,43,14.69253604,0.2698186609,2.020922261,34.4317056,0,0.001618805238,0.005351161478,0.5848270632,1.0
joint,lhs013,8.214652145048564,0.002983169882611989,0.010539035072751383,0.4437763305992823,closed,44,14.66574692,0.2707530422,2.022205674,34.29783341,0,0.001261662283,0.004864390577,0.5346086951,1.0
joint,lhs013,8.214652145048564,0.002983169882611989,0.010539035072751383,0.4437763305992823,open,44,14.69253601,0.2698186601,2.020922265,34.43170515,0,0.001618805273,0.005351161503,0.5848270654,1.0
joint,lhs013,8.214652145048564,0.002983169882611989,0.010539035072751383,0.4437763305992823,closed,45,14.66574869,0.2707529767,2.022205537,34.29784805,0,0.001261670265,0.004864414484,0.5346112819,1.0
joint,lhs013,8.214652145048564,0.002983169882611989,0.010539035072751383,0.4437763305992823,open,45,14.69253608,0.2698186567,2.020922262,34.43170537,0,0.001618805348,0.005351161379,0.5848270506,1.0
joint,lhs013,8.214652145048564,0.002983169882611989,0.010539035072751383,0.4437763305992823,closed,46,14.66574698,0.2707530405,2.022205672,34.29783357,0,0.001261799428,0.004864477321,0.5346166587,1.0
joint,lhs013,8.214652145048564,0.002983169882611989,0.010539035072751383,0.4437763305992823,open,46,14.69253413,0.2698187925,2.020922225,34.43171107,0,0.001618801949,0.005351165204,0.5848275258,1.0
joint,lhs014,9.62853124094413,0.0027847867510426205,0.014985908901254168,0.5405465105851894,closed,42,15.27720909,0.2742977254,2.008757973,35.85057741,0,0.001981833321,0.01359556647,1.549951308,1.0
joint,lhs014,9.62853124094413,0.0027847867510426205,0.014985908901254168,0.5405465105851894,open,42,15.24029922,0.2755185513,2.010529638,35.66499943,0,0.002492100781,0.01290997108,1.479238258,1.0
joint,lhs014,9.62853124094413,0.0027847867510426205,0.014985908901254168,0.5405465105851894,closed,43,15.27720914,0.2742977267,2.008757968,35.85057801,0,0.001981837174,0.01359556464,1.54995115,1.0
joint,lhs014,9.62853124094413,0.0027847867510426205,0.014985908901254168,0.5405465105851894,open,43,15.2402993,0.2755185494,2.010529636,35.66499966,0,0.002492100824,0.01290997079,1.479238226,1.0
joint,lhs014,9.62853124094413,0.0027847867510426205,0.014985908901254168,0.5405465105851894,closed,44,15.27720903,0.2742977287,2.00875797,35.85057783,0,0.001981839791,0.01359556293,1.549950993,1.0
joint,lhs014,9.62853124094413,0.0027847867510426205,0.014985908901254168,0.5405465105851894,open,44,15.24029927,0.2755185485,2.010529639,35.66499928,0,0.002492100869,0.01290997084,1.479238232,1.0
joint,lhs014,9.62853124094413,0.0027847867510426205,0.014985908901254168,0.5405465105851894,closed,45,15.27720905,0.2742977265,2.008757977,35.85057705,0,0.001981838854,0.01359556214,1.54995089,1.0
joint,lhs014,9.62853124094413,0.0027847867510426205,0.014985908901254168,0.5405465105851894,open,45,15.24029932,0.2755185454,2.010529637,35.66499948,0,0.002492100959,0.01290997053,1.479238198,1.0
joint,lhs014,9.62853124094413,0.0027847867510426205,0.014985908901254168,0.5405465105851894,closed,46,15.27721194,0.2742976435,2.008757891,35.85058574,0,0.001981660681,0.01359569389,1.549963484,1.0
joint,lhs014,9.62853124094413,0.0027847867510426205,0.014985908901254168,0.5405465105851894,open,46,15.24029778,0.275518678,2.010529612,35.66500377,0,0.002492096783,0.01290998045,1.47923926,1.0
joint,lhs015,7.185881512657678,0.002856638381304752,0.010263519623421568,0.5180765734150654,closed,42,14.2069024,0.2711590889,2.030931076,33.32079374,0,0.0008618133489,0.001940667652,0.2264750138,1.0
joint,lhs015,7.185881512657678,0.002856638381304752,0.010263519623421568,0.5180765734150654,open,42,14.22532841,0.2705821216,2.030033386,33.41529299,0,0.001085369091,0.001571643136,0.18818367,1.0
joint,lhs015,7.185881512657678,0.002856638381304752,0.010263519623421568,0.5180765734150654,closed,43,14.20690293,0.2711590721,2.030931039,33.32079771,0,0.0008618163884,0.001940658418,0.2264740307,1.0
joint,lhs015,7.185881512657678,0.002856638381304752,0.010263519623421568,0.5180765734150654,open,43,14.2253285,0.2705821195,2.030033383,33.41529328,0,0.001085369111,0.001571643098,0.1881836661,1.0
joint,lhs015,7.185881512657678,0.002856638381304752,0.010263519623421568,0.5180765734150654,closed,44,14.20690782,0.2711589365,2.03093091,33.3208107,0,0.0008618677808,0.001940556013,0.2264634435,1.0
joint,lhs015,7.185881512657678,0.002856638381304752,0.010263519623421568,0.5180765734150654,open,44,14.22532848,0.2705821187,2.030033387,33.41529276,0,0.001085369127,0.001571643107,0.1881836673,1.0
joint,lhs015,7.185881512657678,0.002856638381304752,0.010263519623421568,0.5180765734150654,closed,45,14.2069078,0.2711589363,2.0309309,33.32081176,0,0.0008618639324,0.001940558353,0.2264636564,1.0
joint,lhs015,7.185881512657678,0.002856638381304752,0.010263519623421568,0.5180765734150654,open,45,14.22532855,0.2705821154,2.030033385,33.415293,0,0.001085369168,0.001571643067,0.1881836633,1.0
joint,lhs015,7.185881512657678,0.002856638381304752,0.010263519623421568,0.5180765734150654,closed,46,14.2069025,0.2711590859,2.030931072,33.32079412,0,0.0008619470405,0.001940599346,0.2264688948,1.0
joint,lhs015,7.185881512657678,0.002856638381304752,0.010263519623421568,0.5180765734150654,open,46,14.22532624,0.2705822501,2.030033335,33.41530011,0,0.001085367422,0.001571644263,0.1881837753,1.0
joint,lhs016,10.205344079591516,0.0031491811204423814,0.012734548895485762,0.49197146662112007,closed,42,15.42225033,0.2729151591,2.006499168,36.08913914,0,0.0006923788338,0.01566745278,1.770314051,1.0
joint,lhs016,10.205344079591516,0.0031491811204423814,0.012734548895485762,0.49197146662112007,open,42,15.4137485,0.2732218719,2.006973779,36.03919595,0,0.0007977190491,0.01552177403,1.755091316,1.0
joint,lhs016,10.205344079591516,0.0031491811204423814,0.012734548895485762,0.49197146662112007,closed,43,15.42224969,0.2729151936,2.006499373,36.08911641,0,0.0006923499486,0.01566745231,1.770313666,1.0
joint,lhs016,10.205344079591516,0.0031491811204423814,0.012734548895485762,0.49197146662112007,open,43,15.41374857,0.2732218699,2.006973777,36.03919617,0,0.0007977190463,0.01552177369,1.755091278,1.0
joint,lhs016,10.205344079591516,0.0031491811204423814,0.012734548895485762,0.49197146662112007,closed,44,15.42225023,0.2729151709,2.006499323,36.0891218,0,0.0006923479208,0.01566746058,1.770314571,1.0
joint,lhs016,10.205344079591516,0.0031491811204423814,0.012734548895485762,0.49197146662112007,open,44,15.41374854,0.2732218691,2.00697378,36.03919582,0,0.0007977190452,0.01552177375,1.755091285,1.0
joint,lhs016,10.205344079591516,0.0031491811204423814,0.012734548895485762,0.49197146662112007,closed,45,15.4222497,0.2729152608,2.006499291,36.08912649,0,0.0006924648915,0.01566741577,1.770310851,1.0
joint,lhs016,10.205344079591516,0.0031491811204423814,0.012734548895485762,0.49197146662112007,open,45,15.41374859,0.2732218658,2.006973778,36.03919601,0,0.0007977190407,0.01552177338,1.755091242,1.0
joint,lhs016,10.205344079591516,0.0031491811204423814,0.012734548895485762,0.49197146662112007,closed,46,15.42224976,0.2729151887,2.006499375,36.0891162,0,0.0006921941497,0.01566753141,1.7703208,1.0
joint,lhs016,10.205344079591516,0.0031491811204423814,0.012734548895485762,0.49197146662112007,open,46,15.41374722,0.2732220002,2.006973756,36.03919992,0,0.000797719221,0.01552178514,1.755092567,1.0
joint,lhs017,6.892284415316987,0.0023467913940564905,0.014664440221701297,0.5611267323654935,closed,42,14.12968317,0.2734858046,2.031053735,33.33317017,0,0.001407987039,0.003113510797,0.3362976368,1.0
joint,lhs017,6.892284415316987,0.0023467913940564905,0.014664440221701297,0.5611267323654935,open,42,14.09290932,0.2744684293,2.032773605,33.15073922,0,0.001822625102,0.0037816817,0.4062255898,1.0
joint,lhs017,6.892284415316987,0.0023467913940564905,0.014664440221701297,0.5611267323654935,closed,43,14.12968261,0.2734858139,2.031053785,33.33316461,0,0.001407983852,0.003113516162,0.3362982824,1.0
joint,lhs017,6.892284415316987,0.0023467913940564905,0.014664440221701297,0.5611267323654935,open,43,14.09290941,0.2744684275,2.032773603,33.15073952,0,0.001822625148,0.003781681616,0.4062255797,1.0
joint,lhs017,6.892284415316987,0.0023467913940564905,0.014664440221701297,0.5611267323654935,closed,44,14.12968328,0.2734858007,2.031053735,33.33317009,0,0.00140798671,0.003113509876,0.3362975367,1.0
joint,lhs017,6.892284415316987,0.0023467913940564905,0.014664440221701297,0.5611267323654935,open,44,14.09290939,0.2744684265,2.032773607,33.15073897,0,0.001822625203,0.003781681634,0.406225581,1.0
joint,lhs017,6.892284415316987,0.0023467913940564905,0.014664440221701297,0.5611267323654935,closed,45,14.12968312,0.2734858025,2.03105375,33.33316838,0,0.001407986857,0.003113512474,0.3362978276,1.0
joint,lhs017,6.892284415316987,0.0023467913940564905,0.014664440221701297,0.5611267323654935,open,45,14.09290947,0.2744684234,2.032773605,33.15073922,0,0.001822625306,0.003781681547,0.4062255699,1.0
joint,lhs017,6.892284415316987,0.0023467913940564905,0.014664440221701297,0.5611267323654935,closed,46,14.12968313,0.2734858054,2.031053736,33.33317002,0,0.001407858505,0.003113421049,0.3362892589,1.0
joint,lhs017,6.892284415316987,0.0023467913940564905,0.014664440221701297,0.5611267323654935,open,46,14.09290702,0.2744685557,2.032773551,33.15074677,0,0.001822620461,0.003781684221,0.4062259362,1.0
joint,lhs018,7.670361816445389,0.0031704374860087588,0.014140752959884158,0.5922145077645791,closed,42,14.55836724,0.2753282234,2.021811579,34.39363985,0,0.00275640611,0.003383072017,0.4080157342,1.0
joint,lhs018,7.670361816445389,0.0031704374860087588,0.014140752959884158,0.5922145077645791,open,42,14.48743822,0.2772839005,2.025299743,34.0232228,0,0.003605310388,0.001914034417,0.254677948,1.0
joint,lhs018,7.670361816445389,0.0031704374860087588,0.014140752959884158,0.5922145077645791,closed,43,14.55836745,0.2753282166,2.021811575,34.39364026,0,0.002756402029,0.003383074707,0.4080159968,1.0
joint,lhs018,7.670361816445389,0.0031704374860087588,0.014140752959884158,0.5922145077645791,open,43,14.48743831,0.2772838986,2.02529974,34.02322308,0,0.003605310436,0.001914034365,0.2546779428,1.0
joint,lhs018,7.670361816445389,0.0031704374860087588,0.014140752959884158,0.5922145077645791,closed,44,14.55836754,0.2753282094,2.021811567,34.39364101,0,0.00275639772,0.003383078084,0.4080163356,1.0
joint,lhs018,7.670361816445389,0.0031704374860087588,0.014140752959884158,0.5922145077645791,open,44,14.48743828,0.2772838977,2.025299744,34.0232226,0,0.003605310498,0.001914034379,0.2546779452,1.0
joint,lhs018,7.670361816445389,0.0031704374860087588,0.014140752959884158,0.5922145077645791,closed,45,14.55836751,0.2753282168,2.021811559,34.393642,0,0.002756410059,0.003383075077,0.4080160969,1.0
joint,lhs018,7.670361816445389,0.0031704374860087588,0.014140752959884158,0.5922145077645791,open,45,14.48743835,0.2772838946,2.025299742,34.02322283,0,0.003605310601,0.001914034325,0.2546779404,1.0
joint,lhs018,7.670361816445389,0.0031704374860087588,0.014140752959884158,0.5922145077645791,closed,46,14.55836737,0.2753282142,2.021811581,34.39363952,0,0.002756253693,0.003383124377,0.4080203065,1.0
joint,lhs018,7.670361816445389,0.0031704374860087588,0.014140752959884158,0.5922145077645791,open,46,14.4874362,0.2772840259,2.025299699,34.02322912,0,0.003605305475,0.00191403589,0.2546780516,1.0
joint,lhs019,6.319790043304796,0.0030622318153851304,0.011058279941588242,0.466761810478941,closed,42,13.74267225,0.2713071243,2.039684625,32.33768481,0,0.0007036633509,0.0088861957,1.006395504,1.0
joint,lhs019,6.319790043304796,0.0030622318153851304,0.011058279941588242,0.466761810478941,open,42,13.75490089,0.2709486231,2.039069338,32.40287151,0,0.0008401757738,0.008646354174,0.9812939191,1.0
joint,lhs019,6.319790043304796,0.0030622318153851304,0.011058279941588242,0.466761810478941,closed,43,13.74267414,0.2713070344,2.039684653,32.33768068,0,0.000703746254,0.008886137647,1.006390099,1.0
joint,lhs019,6.319790043304796,0.0030622318153851304,0.011058279941588242,0.466761810478941,open,43,13.75490099,0.270948621,2.039069335,32.40287184,0,0.0008401757966,0.008646353975,0.981293897,1.0
joint,lhs019,6.319790043304796,0.0030622318153851304,0.011058279941588242,0.466761810478941,closed,44,13.74267331,0.2713070899,2.039684565,32.33769115,0,0.000703674411,0.008886175409,1.006393377,1.0
joint,lhs019,6.319790043304796,0.0030622318153851304,0.011058279941588242,0.466761810478941,open,44,13.75490097,0.2709486202,2.03906934,32.40287123,0,0.0008401758216,0.008646354024,0.9812939028,1.0
joint,lhs019,6.319790043304796,0.0030622318153851304,0.011058279941588242,0.466761810478941,closed,45,13.7426728,0.2713071087,2.039684614,32.33768587,0,0.0007036665659,0.008886187486,1.006394634,1.0
joint,lhs019,6.319790043304796,0.0030622318153851304,0.011058279941588242,0.466761810478941,open,45,13.75490105,0.2709486169,2.039069337,32.40287149,0,0.0008401758728,0.008646353817,0.9812938802,1.0
joint,lhs019,6.319790043304796,0.0030622318153851304,0.011058279941588242,0.466761810478941,closed,46,13.74267479,0.2713070147,2.039684603,32.33768607,0,0.0007038770423,0.008886046587,1.006381633,1.0
joint,lhs019,6.319790043304796,0.0030622318153851304,0.011058279941588242,0.466761810478941,open,46,13.75489843,0.2709487522,2.039069273,32.40288028,0,0.0008401735378,0.008646359989,0.9812945431,1.0
joint,lhs020,10.422670779119889,0.002538088058519884,0.014374449206490579,0.5789183210416392,closed,42,15.51694181,0.2741968386,2.004201726,36.36202022,0,0.001877349272,0.01698646559,1.930262261,1.0
joint,lhs020,10.422670779119889,0.002538088058519884,0.014374449206490579,0.5789183210416392,open,42,15.48602836,0.275273921,2.005681846,36.20762389,0,0.002322834726,0.01641781582,1.871907852,1.0
joint,lhs020,10.422670779119889,0.002538088058519884,0.014374449206490579,0.5789183210416392,closed,43,15.51694172,0.2741968429,2.004201729,36.36201994,0,0.001877352653,0.01698646201,1.930261904,1.0
joint,lhs020,10.422670779119889,0.002538088058519884,0.014374449206490579,0.5789183210416392,open,43,15.48602843,0.2752739191,2.005681844,36.2076241,0,0.002322834776,0.01641781546,1.871907811,1.0
joint,lhs020,10.422670779119889,0.002538088058519884,0.014374449206490579,0.5789183210416392,closed,44,15.51694165,0.2741968417,2.004201732,36.3620196,0,0.001877351969,0.01698646176,1.930261869,1.0
joint,lhs020,10.422670779119889,0.002538088058519884,0.014374449206490579,0.5789183210416392,open,44,15.4860284,0.2752739182,2.005681847,36.20762375,0,0.002322834836,0.01641781552,1.871907819,1.0
joint,lhs020,10.422670779119889,0.002538088058519884,0.014374449206490579,0.5789183210416392,closed,45,15.51694165,0.2741968434,2.00420173,36.36201987,0,0.001877356854,0.01698645908,1.930261628,1.0
joint,lhs020,10.422670779119889,0.002538088058519884,0.014374449206490579,0.5789183210416392,open,45,15.48602845,0.2752739151,2.005681845,36.20762394,0,0.002322834945,0.01641781512,1.871907775,1.0
joint,lhs020,10.422670779119889,0.002538088058519884,0.014374449206490579,0.5789183210416392,closed,46,15.5169417,0.2741968418,2.004201729,36.36201991,0,0.001877213421,0.01698653761,1.930268703,1.0
joint,lhs020,10.422670779119889,0.002538088058519884,0.014374449206490579,0.5789183210416392,open,46,15.48602712,0.2752740468,2.005681825,36.20762768,0,0.002322829723,0.01641782782,1.871909137,1.0
joint,lhs021,11.296819901802706,0.002442704060673249,0.011878229749962731,0.5557033471498508,closed,42,15.70625813,0.2720284008,2.0012752,36.66685945,0,5.889851589e-05,0.01969662812,2.215411995,1.0
joint,lhs021,11.296819901802706,0.002442704060673249,0.011878229749962731,0.5557033471498508,open,42,15.71425894,0.2716936649,2.000945501,36.70018487,0,0.0002206401312,0.01985093949,2.23077395,1.0
joint,lhs021,11.296819901802706,0.002442704060673249,0.011878229749962731,0.5557033471498508,closed,43,15.70625821,0.272028398,2.0012752,36.66685951,0,5.889925848e-05,0.01969662842,2.215412016,1.0
joint,lhs021,11.296819901802706,0.002442704060673249,0.011878229749962731,0.5557033471498508,open,43,15.71425901,0.2716936629,2.000945499,36.70018507,0,0.0002206401173,0.01985093906,2.230773902,1.0
joint,lhs021,11.296819901802706,0.002442704060673249,0.011878229749962731,0.5557033471498508,closed,44,15.70625832,0.2720283933,2.001275188,36.66686082,0,5.889509914e-05,0.01969662938,2.215412157,1.0
joint,lhs021,11.296819901802706,0.002442704060673249,0.011878229749962731,0.5557033471498508,open,44,15.71425898,0.2716936621,2.000945502,36.70018476,0,0.0002206400983,0.01985093913,2.23077391,1.0
joint,lhs021,11.296819901802706,0.002442704060673249,0.011878229749962731,0.5557033471498508,closed,45,15.70625822,0.2720283972,2.001275193,36.6668603,0,5.889272638e-05,0.01969662562,2.215411779,1.0
joint,lhs021,11.296819901802706,0.002442704060673249,0.011878229749962731,0.5557033471498508,open,45,15.71425903,0.2716936588,2.0009455,36.70018493,0,0.0002206400711,0.01985093865,2.230773857,1.0
joint,lhs021,11.296819901802706,0.002442704060673249,0.011878229749962731,0.5557033471498508,closed,46,15.70625809,0.2720284024,2.001275204,36.66685902,0,5.904376267e-05,0.01969670344,2.215418767,1.0
joint,lhs021,11.296819901802706,0.002442704060673249,0.011878229749962731,0.5557033471498508,open,46,15.71425791,0.2716937924,2.000945484,36.70018821,0,0.000220641536,0.01985095382,2.230775546,1.0
joint,lhs022,10.560907545598617,0.0033180124187075443,0.013047864734082752,0.4157258806611324,closed,42,15.51235248,0.2722867563,2.004955282,36.25575676,0,0.0002562012444,0.01695725129,1.909688789,1.0
joint,lhs022,10.560907545598617,0.0033180124187075443,0.013047864734082752,0.4157258806611324,open,42,15.51487621,0.2721669529,2.004913933,36.25906077,0,0.0001852721014,0.01701759782,1.915367359,1.0
joint,lhs022,10.560907545598617,0.0033180124187075443,0.013047864734082752,0.4157258806611324,closed,43,15.5123528,0.2722867441,2.004955265,36.25575854,0,0.000256198653,0.01695725545,1.909689218,1.0
joint,lhs022,10.560907545598617,0.0033180124187075443,0.013047864734082752,0.4157258806611324,open,43,15.51487628,0.2721669508,2.004913931,36.25906098,0,0.0001852720768,0.01701759745,1.915367317,1.0
joint,lhs022,10.560907545598617,0.0033180124187075443,0.013047864734082752,0.4157258806611324,closed,44,15.51235326,0.2722867286,2.004955261,36.25575887,0,0.0002561902961,0.01695726453,1.90969015,1.0
joint,lhs022,10.560907545598617,0.0033180124187075443,0.013047864734082752,0.4157258806611324,open,44,15.51487625,0.27216695,2.004913934,36.25906064,0,0.000185272073,0.01701759751,1.915367324,1.0
joint,lhs022,10.560907545598617,0.0033180124187075443,0.013047864734082752,0.4157258806611324,closed,45,15.51235251,0.2722867551,2.004955281,36.25575689,0,0.0002562050544,0.01695724797,1.909688474,1.0
joint,lhs022,10.560907545598617,0.0033180124187075443,0.013047864734082752,0.4157258806611324,open,45,15.5148763,0.2721669466,2.004913932,36.25906083,0,0.0001852720509,0.0170175971,1.915367278,1.0
joint,lhs022,10.560907545598617,0.0033180124187075443,0.013047864734082752,0.4157258806611324,closed,46,15.51235273,0.2722867472,2.004955267,36.25575839,0,0.0002560938744,0.01695733118,1.909696057,1.0
joint,lhs022,10.560907545598617,0.0033180124187075443,0.013047864734082752,0.4157258806611324,open,46,15.51487503,0.2721670822,2.004913912,36.25906453,0,0.0001852730762,0.01701760995,1.915368751,1.0
joint,lhs023,9.455292413174375,0.0029635351896738792,0.012648434415354624,0.4235087194918793,closed,42,15.14918905,0.2714307943,2.012421826,35.406141,0,0.000592488305,0.01182130619,1.324172096,1.0
joint,lhs023,9.455292413174375,0.0029635351896738792,0.012648434415354624,0.4235087194918793,open,42,15.1642968,0.270860745,2.011740631,35.47636245,0,0.0008248383205,0.01210393468,1.352912036,1.0
joint,lhs023,9.455292413174375,0.0029635351896738792,0.012648434415354624,0.4235087194918793,closed,43,15.14918893,0.2714307986,2.012421829,35.40614067,0,0.0005924861614,0.01182130247,1.324171715,1.0
joint,lhs023,9.455292413174375,0.0029635351896738792,0.012648434415354624,0.4235087194918793,open,43,15.16429687,0.270860743,2.011740628,35.47636268,0,0.0008248383427,0.01210393442,1.352912006,1.0
joint,lhs023,9.455292413174375,0.0029635351896738792,0.012648434415354624,0.4235087194918793,closed,44,15.14918917,0.2714307893,2.012421828,35.40614075,0,0.0005924895997,0.01182130707,1.324172172,1.0
joint,lhs023,9.455292413174375,0.0029635351896738792,0.012648434415354624,0.4235087194918793,open,44,15.16429685,0.2708607421,2.011740632,35.4763623,0,0.00082483837,0.01210393447,1.352912011,1.0
joint,lhs023,9.455292413174375,0.0029635351896738792,0.012648434415354624,0.4235087194918793,closed,45,15.1491795,0.271431119,2.012422114,35.40611222,0,0.0005923664725,0.01182111951,1.324153038,1.0
joint,lhs023,9.455292413174375,0.0029635351896738792,0.012648434415354624,0.4235087194918793,open,45,15.1642969,0.2708607388,2.011740629,35.4763625,0,0.0008248384187,0.01210393418,1.352911978,1.0
joint,lhs023,9.455292413174375,0.0029635351896738792,0.012648434415354624,0.4235087194918793,closed,46,15.14919146,0.271430698,2.012421816,35.40614108,0,0.0005926814156,0.01182143647,1.324184072,1.0
joint,lhs023,9.455292413174375,0.0029635351896738792,0.012648434415354624,0.4235087194918793,open,46,15.16429533,0.2708608746,2.011740603,35.47636698,0,0.0008248360704,0.01210394316,1.352913019,1.0
