kind,label,morph,gamma_min,gamma_max,tau_h,config,seed,J,terminal_phi_sen,terminal_rho_bar,terminal_varphi_bar_deg,n_violations,rmse_phi_sen,rmse_rho_bar,rmse_varphi_bar_deg,solver_success_rate
oat,morph:low,2.4000000000000004,,,,closed,42,12.62345705,0.269344245,2.127361891,32.47328334,0,0.0001076531078,0.01684625325,1.05343998,1.0
oat,morph:low,2.4000000000000004,,,,open,42,12.61533638,0.2695047819,2.127701994,32.45303028,0,0,0.01709775754,1.068609846,1.0
oat,morph:low,2.4000000000000004,,,,closed,43,12.62345747,0.2693442372,2.127361807,32.47328854,0,0.0001076551225,0.01684624383,1.053439394,1.0
oat,morph:low,2.4000000000000004,,,,open,43,12.6153361,0.2695047866,2.127702039,32.45302749,0,0,0.01709775835,1.068609897,1.0
oat,morph:low,2.4000000000000004,,,,closed,44,12.62346086,0.2693441759,2.127361442,32.47331097,0,0.0001076834494,0.01684616397,1.053434525,1.0
oat,morph:low,2.4000000000000004,,,,open,44,12.61533598,0.2695047895,2.127702039,32.45302749,0,0,0.01709775885,1.068609928,1.0
oat,morph:low,2.4000000000000004,,,,closed,45,12.62345762,0.2693442339,2.127361814,32.47328807,0,0.0001076529967,0.0168462492,1.053439722,1.0
oat,morph:low,2.4000000000000004,,,,open,45,12.61533663,0.2695047764,2.127701992,32.45303037,0,0,0.01709775648,1.06860978,1.0
oat,morph:low,2.4000000000000004,,,,closed,46,12.62345824,0.2693442236,2.127361713,32.47329435,0,0.0001076561687,0.01684623748,1.053438999,1.0
oat,morph:low,2.4000000000000004,,,,open,46,12.6153366,0.2695047771,2.127701976,32.45303136,0,0,0.01709775675,1.068609797,1.0
oat,morph:high,3.5999999999999996,,,,closed,42,13.79338866,0.2696308769,2.103183997,33.98619315,0,8.204440241e-05,0.01390886494,0.8697454305,1.0
oat,morph:high,3.5999999999999996,,,,open,42,13.79868963,0.2695047819,2.102924975,34.00159394,0,0,0.01406898415,0.8793115093,1.0
oat,morph:high,3.5999999999999996,,,,closed,43,13.79338831,0.2696308824,2.103184019,33.98619182,0,8.204549015e-05,0.01390886189,0.8697452389,1.0
oat,morph:high,3.5999999999999996,,,,open,43,13.79868941,0.2695047866,2.102925007,34.00159199,0,0,0.01406898488,0.8793115548,1.0
oat,morph:high,3.5999999999999996,,,,closed,44,13.79338838,0.2696308812,2.103183986,33.98619389,0,8.204518835e-05,0.01390886474,0.8697454185,1.0
oat,morph:high,3.5999999999999996,,,,open,44,13.79868931,0.2695047895,2.102925008,34.00159192,0,0,0.01406898527,0.8793115791,1.0
oat,morph:high,3.5999999999999996,,,,closed,45,13.79338248,0.2696309987,2.10318427,33.98617684,0,8.211963981e-05,0.01390868753,0.8697346691,1.0
oat,morph:high,3.5999999999999996,,,,open,45,13.79868985,0.2695047764,2.102924971,34.00159415,0,0,0.01406898331,0.8793114571,1.0
oat,morph:high,3.5999999999999996,,,,closed,46,13.79338901,0.2696308681,2.103183955,33.98619574,0,8.204373491e-05,0.01390886722,0.8697455718,1.0
oat,morph:high,3.5999999999999996,,,,open,46,13.79868981,0.2695047771,2.102924961,34.00159477,0,0,0.0140689835,0.8793114688,1.0
oat,gamma_min:low,,0.002224,,,closed,42,13.21571834,0.2683361589,2.118314218,33.03246235,0,0.0008927083923,0.001365471003,0.09000693582,1.0
oat,gamma_min:low,,0.002224,,,open,42,13.24594437,0.2677182839,2.115740742,33.18944292,0,0.001170526349,0.0001687519896,0.01766379985,1.0
oat,gamma_min:low,,0.002224,,,closed,43,13.21571455,0.2683362292,2.118314382,33.03245256,0,0.0008926736838,0.001365595757,0.09001453111,1.0
oat,gamma_min:low,,0.002224,,,open,43,13.24594413,0.2677182886,2.115740779,33.18944061,0,0.001170526362,0.0001687520163,0.01766380157,1.0
oat,gamma_min:low,,0.002224,,,closed,44,13.21571465,0.2683362267,2.118314378,33.03245281,0,0.0008926777034,0.001365590236,0.09001419752,1.0
oat,gamma_min:low,,0.002224,,,open,44,13.24594402,0.2677182915,2.11574078,33.18944057,0,0.001170526369,0.0001687520237,0.01766380208,1.0
oat,gamma_min:low,,0.002224,,,closed,45,13.21571842,0.268336157,2.118314219,33.03246226,0,0.0008927059063,0.001365474835,0.09000716761,1.0
oat,gamma_min:low,,0.002224,,,open,45,13.24594461,0.2677182785,2.115740738,33.18944309,0,0.001170526336,0.0001687519716,0.01766379864,1.0
oat,gamma_min:low,,0.002224,,,closed,46,13.21571455,0.2683362292,2.118314396,33.03245171,0,0.0008926712406,0.001365617076,0.09001582609,1.0
oat,gamma_min:low,,0.002224,,,open,46,13.24594457,0.2677182792,2.115740726,33.18944386,0,0.001170526338,0.0001687519722,0.0176637987,1.0
oat,gamma_min:high,,0.003336,,,closed,42,13.29544207,0.2706567678,2.112499044,33.41041454,0,0.0008855052269,0.001410255945,0.09273985986,1.0
oat,gamma_min:high,,0.003336,,,open,42,13.26397283,0.2712870769,2.115176676,33.24700196,0,0.001168276651,0.0001684020307,0.01762780359,1.0
oat,gamma_min:high,,0.003336,,,closed,43,13.29544206,0.2706567676,2.112499053,33.41041401,0,0.0008855035631,0.00141026598,0.0927404694,1.0
oat,gamma_min:high,,0.003336,,,open,43,13.26397258,0.2712870817,2.115176713,33.24699967,0,0.001168276664,0.0001684020574,0.0176278053,1.0
oat,gamma_min:high,,0.003336,,,closed,44,13.29544208,0.2706567667,2.112499044,33.41041452,0,0.0008855009431,0.001410270175,0.09274072241,1.0
oat,gamma_min:high,,0.003336,,,open,44,13.26397247,0.2712870846,2.115176715,33.24699962,0,0.00116827667,0.0001684020647,0.01762780581,1.0
oat,gamma_min:high,,0.003336,,,closed,45,13.29544224,0.2706567634,2.112499049,33.41041422,0,0.0008855053123,0.001410252237,0.09273963358,1.0
oat,gamma_min:high,,0.003336,,,open,45,13.26397306,0.2712870714,2.115176673,33.24700213,0,0.001168276638,0.0001684020128,0.01762780238,1.0
oat,gamma_min:high,,0.003336,,,closed,46,13.29544218,0.2706567661,2.112499021,33.41041598,0,0.0008855085422,0.001410256415,0.09273989152,1.0
oat,gamma_min:high,,0.003336,,,open,46,13.26397302,0.2712870721,2.115176661,33.24700289,0,0.001168276639,0.0001684020134,0.01762780244,1.0
oat,gamma_max:low,,,0.010000000000000002,,closed,42,13.20123278,0.2680728133,2.119036481,32.985675,0,0.001292262032,0.001788367227,0.1177817563,1.0
oat,gamma_max:low,,,0.010000000000000002,,open,42,13.24238818,0.2671626906,2.115828556,33.18048207,0,0.001688509467,0.0002261669719,0.02363428877,1.0
oat,gamma_max:low,,,0.010000000000000002,,closed,43,13.20123552,0.2680727612,2.119036367,32.9856818,0,0.001292283666,0.001788253923,0.1177748969,1.0
oat,gamma_max:low,,,0.010000000000000002,,open,43,13.24238794,0.2671626957,2.115828593,33.18047977,0,0.001688509402,0.0002261669907,0.02363428943,1.0
oat,gamma_max:low,,,0.010000000000000002,,closed,44,13.20124153,0.2680726452,2.119036099,32.98569786,0,0.00129233269,0.001788028431,0.1177612556,1.0
oat,gamma_max:low,,,0.010000000000000002,,open,44,13.24238782,0.2671626986,2.115828594,33.18047972,0,0.00168850935,0.0002261669916,0.02363428916,1.0
oat,gamma_max:low,,,0.010000000000000002,,closed,45,13.20123274,0.2680728137,2.119036495,32.98567413,0,0.00129225936,0.001788377239,0.1177823625,1.0
oat,gamma_max:low,,,0.010000000000000002,,open,45,13.24238841,0.267162685,2.115828553,33.18048224,0,0.001688509568,0.0002261669674,0.02363428915,1.0
oat,gamma_max:low,,,0.010000000000000002,,closed,46,13.20123258,0.2680728189,2.119036496,32.98567413,0,0.00129225629,0.001788381263,0.1177826037,1.0
oat,gamma_max:low,,,0.010000000000000002,,open,46,13.24238837,0.2671626856,2.115828541,33.180483,0,0.001688509547,0.0002261669642,0.02363428881,1.0
oat,gamma_max:high,,,0.015,,closed,42,13.31179999,0.2709840411,2.111639543,33.46617882,0,0.001306136386,0.001894719019,0.1245321046,1.0
oat,gamma_max:high,,,0.015,,open,42,13.2675197,0.2718397178,2.115089329,33.25591519,0,0.001684475333,0.0002255715128,0.02357236455,1.0
oat,gamma_max:high,,,0.015,,closed,43,13.31180547,0.2709839505,2.111639303,33.46619322,0,0.00130609881,0.001894930294,0.1245449503,1.0
oat,gamma_max:high,,,0.015,,open,43,13.26751946,0.2718397222,2.115089366,33.2559129,0,0.001684475268,0.0002255715316,0.02357236522,1.0
oat,gamma_max:high,,,0.015,,closed,44,13.31180003,0.2709840428,2.111639532,33.46617951,0,0.001306136692,0.001894737548,0.1245332332,1.0
oat,gamma_max:high,,,0.015,,open,44,13.26751935,0.2718397251,2.115089367,33.25591285,0,0.001684475216,0.0002255715325,0.02357236495,1.0
oat,gamma_max:high,,,0.015,,closed,45,13.31180228,0.2709840043,2.111639453,33.46618424,0,0.00130612528,0.001894795278,0.1245367454,1.0
oat,gamma_max:high,,,0.015,,open,45,13.26751994,0.2718397125,2.115089325,33.25591536,0,0.001684475433,0.0002255715083,0.02357236493,1.0
oat,gamma_max:high,,,0.015,,closed,46,13.31179989,0.2709840441,2.111639552,33.46617824,0,0.001306140876,0.001894708641,0.1245314773,1.0
oat,gamma_max:high,,,0.015,,open,46,13.2675199,0.2718397132,2.115089313,33.25591613,0,0.001684475412,0.000225571505,0.02357236459,1.0
oat,tau_h:low,,,,0.4,closed,42,13.19867406,0.2678997862,2.11929942,32.96815994,0,0.001337570804,0.001892691878,0.12482079,1.0
oat,tau_h:low,,,,0.4,open,42,13.24169306,0.2669503855,2.115862112,33.17705792,0,0.001759904103,0.0002414019389,0.02525468034,1.0
oat,tau_h:low,,,,0.4,closed,43,13.19867229,0.2678998203,2.119299497,32.96815534,0,0.001337556694,0.001892745446,0.1248240312,1.0
oat,tau_h:low,,,,0.4,open,43,13.24169282,0.2669503905,2.115862149,33.17705562,0,0.001759904043,0.0002414019626,0.02525468135,1.0
oat,tau_h:low,,,,0.4,closed,44,13.19867089,0.2678998494,2.119299549,32.96815226,0,0.001337543945,0.001892791604,0.1248268237,1.0
oat,tau_h:low,,,,0.4,open,44,13.24169271,0.2669503935,2.11586215,33.17705557,0,0.00175990398,0.0002414019623,0.02525468093,1.0
oat,tau_h:low,,,,0.4,closed,45,13.19867144,0.2678998354,2.119299491,32.96815576,0,0.001337543309,0.001892790114,0.124826734,1.0
oat,tau_h:low,,,,0.4,open,45,13.2416933,0.2669503798,2.115862109,33.17705809,0,0.001759904224,0.000241401936,0.02525468094,1.0
oat,tau_h:low,,,,0.4,closed,46,13.19867099,0.2678998474,2.119299549,32.96815225,0,0.001337539822,0.001892809933,0.1248279354,1.0
oat,tau_h:low,,,,0.4,open,46,13.24169326,0.2669503805,2.115862096,33.17705885,0,0.001759904192,0.0002414019305,0.02525468039,1.0
oat,tau_h:high,,,,0.6,closed,42,13.3129953,0.2711588042,2.111390649,33.48282698,0,0.001304638924,0.001971524104,0.1297702971,1.0
oat,tau_h:high,,,,0.6,open,42,13.26786368,0.2720277831,2.115059604,33.25894839,0,0.001697720381,0.0002362291606,0.02472186008,1.0
oat,tau_h:high,,,,0.6,closed,43,13.31299532,0.2711588047,2.111390641,33.48282748,0,0.00130463939,0.001971538146,0.1297711535,1.0
oat,tau_h:high,,,,0.6,open,43,13.26786344,0.2720277876,2.115059641,33.2589461,0,0.001697720336,0.0002362291872,0.02472186139,1.0
oat,tau_h:high,,,,0.6,closed,44,13.31299564,0.2711587995,2.111390595,33.4828303,0,0.001304636633,0.001971556439,0.1297722667,1.0
oat,tau_h:high,,,,0.6,open,44,13.26786332,0.2720277904,2.115059642,33.25894605,0,0.001697720272,0.0002362291863,0.02472186093,1.0
oat,tau_h:high,,,,0.6,closed,45,13.31299525,0.2711588069,2.111390634,33.48282795,0,0.001304646347,0.001971520434,0.1297700824,1.0
oat,tau_h:high,,,,0.6,open,45,13.26786391,0.2720277777,2.115059601,33.25894856,0,0.001697720502,0.0002362291581,0.02472186071,1.0
oat,tau_h:high,,,,0.6,closed,46,13.31299699,0.2711587766,2.111390561,33.48283228,0,0.001304630021,0.001971580104,0.1297737122,1.0
oat,tau_h:high,,,,0.6,open,46,13.26786387,0.2720277784,2.115059589,33.25894932,0,0.001697720465,0.0002362291515,0.02472186006,1.0
morph,morph=2h,2.0,,,,closed,42,12.14621477,0.2692122904,2.133998913,32.05764477,0,0.0001995101193,0.03009431577,1.881880521,1.0
morph,morph=2h,2.0,,,,open,42,12.130503,0.2695047819,2.13457879,32.02323049,0,0,0.03058957426,1.911848391,1.0
morph,morph=2h,2.0,,,,closed,43,12.14622262,0.2692121748,2.133998632,32.05766162,0,0.0001995781144,0.03009410867,1.881867819,1.0
morph,morph=2h,2.0,,,,open,43,12.13050268,0.2695047866,2.134578843,32.02322724,0,0,0.03058957562,1.911848476,1.0
morph,morph=2h,2.0,,,,closed,44,12.14621424,0.2692122975,2.133999028,32.05763758,0,0.0001995143156,0.03009431167,1.881880291,1.0
morph,morph=2h,2.0,,,,open,44,12.13050255,0.2695047895,2.134578842,32.02322728,0,0,0.03058957655,1.911848534,1.0
morph,morph=2h,2.0,,,,closed,45,12.14621911,0.2692122263,2.133998748,32.05765468,0,0.0001995425011,0.03009421166,1.881874124,1.0
morph,morph=2h,2.0,,,,open,45,12.13050327,0.2695047764,2.13457879,32.02323047,0,0,0.03058957232,1.91184827,1.0
morph,morph=2h,2.0,,,,closed,46,12.14621487,0.2692122932,2.133998888,32.05764636,0,0.0001995028747,0.03009432691,1.881881163,1.0
morph,morph=2h,2.0,,,,open,46,12.13050324,0.2695047771,2.134578771,32.0232317,0,0,0.03058957287,1.911848304,1.0
morph,morph=2.5h,2.5,,,,closed,42,12.73567684,0.2693738547,2.125480086,32.59108121,0,8.748880675e-05,0.01380270117,0.8631179916,1.0
morph,morph=2.5h,2.5,,,,open,42,12.72915632,0.2695047819,2.125759278,32.57445001,0,0,0.01400399359,0.8752495997,1.0
morph,morph=2.5h,2.5,,,,closed,43,12.73567608,0.2693738709,2.125480093,32.59108091,0,8.747666041e-05,0.01380272441,0.8631193763,1.0
morph,morph=2.5h,2.5,,,,open,43,12.72915604,0.2695047866,2.125759322,32.57444732,0,0,0.01400399427,0.8752496419,1.0
morph,morph=2.5h,2.5,,,,closed,44,12.73567953,0.2693738078,2.125479666,32.5911072,0,8.750166012e-05,0.01380264895,0.8631147617,1.0
morph,morph=2.5h,2.5,,,,open,44,12.72915593,0.2695047895,2.125759322,32.5744473,0,0,0.01400399468,0.8752496675,1.0
morph,morph=2.5h,2.5,,,,closed,45,12.73567604,0.2693738685,2.125480192,32.59107469,0,8.748064419e-05,0.01380272432,0.863119404,1.0
morph,morph=2.5h,2.5,,,,open,45,12.72915657,0.2695047764,2.125759276,32.57445011,0,0,0.01400399273,0.8752495457,1.0
morph,morph=2.5h,2.5,,,,closed,46,12.73567654,0.2693738608,2.125480104,32.59108011,0,8.748236835e-05,0.01380271575,0.8631188681,1.0
morph,morph=2.5h,2.5,,,,open,46,12.72915654,0.2695047771,2.125759261,32.57445106,0,0,0.01400399295,0.8752495594,1.0
morph,morph=3h,3.0,,,,closed,42,13.25496406,0.2695047819,2.115458377,33.21825633,0,0,0,0,1.0
morph,morph=3h,3.0,,,,open,42,13.25496406,0.2695047819,2.115458377,33.21825633,0,0,0,0,1.0
morph,morph=3h,3.0,,,,closed,43,13.25496382,0.2695047866,2.115458414,33.21825403,0,0,0,0,1.0
morph,morph=3h,3.0,,,,open,43,13.25496382,0.2695047866,2.115458414,33.21825403,0,0,0,0,1.0
morph,morph=3h,3.0,,,,closed,44,13.2549637,0.2695047895,2.115458415,33.21825399,0,0,0,0,1.0
morph,morph=3h,3.0,,,,open,44,13.2549637,0.2695047895,2.115458415,33.21825399,0,0,0,0,1.0
morph,morph=3h,3.0,,,,closed,45,13.25496429,0.2695047764,2.115458374,33.2182565,0,0,0,0,1.0
morph,morph=3h,3.0,,,,open,45,13.25496429,0.2695047764,2.115458374,33.2182565,0,0,0,0,1.0
morph,morph=3h,3.0,,,,closed,46,13.25496426,0.2695047771,2.115458361,33.21825727,0,0,0,0,1.0
morph,morph=3h,3.0,,,,open,46,13.25496426,0.2695047771,2.115458361,33.21825727,0,0,0,0,1.0
morph,morph=3.5h,3.5,,,,closed,42,13.70951839,0.2696118729,2.10520308,33.85988173,0,6.979982697e-05,0.01176566944,0.735728689,1.0
morph,morph=3.5h,3.5,,,,open,42,13.71408852,0.2695047819,2.104981367,33.87306944,0,0,0.01190388768,0.7439929798,1.0
morph,morph=3.5h,3.5,,,,closed,43,13.70952153,0.2696118101,2.105202941,33.85989002,0,6.97613424e-05,0.01176576129,0.7357342603,1.0
morph,morph=3.5h,3.5,,,,open,43,13.7140883,0.2695047866,2.1049814,33.87306743,0,0,0.01190388829,0.7439930182,1.0
morph,morph=3.5h,3.5,,,,closed,44,13.70952004,0.2696118392,2.105203007,33.85988603,0,6.977597768e-05,0.01176572494,0.7357320462,1.0
morph,morph=3.5h,3.5,,,,open,44,13.7140882,0.2695047895,2.104981401,33.87306737,0,0,0.01190388862,0.7439930389,1.0
morph,morph=3.5h,3.5,,,,closed,45,13.70952141,0.2696118139,2.105202944,33.85988985,0,6.97698006e-05,0.01176574362,0.7357332036,1.0
morph,morph=3.5h,3.5,,,,open,45,13.71408874,0.2695047764,2.104981363,33.87306964,0,0,0.01190388697,0.7439929355,1.0
morph,morph=3.5h,3.5,,,,closed,46,13.70951933,0.2696118564,2.105203007,33.85988613,0,6.979705854e-05,0.01176568512,0.7357296739,1.0
morph,morph=3.5h,3.5,,,,open,46,13.7140887,0.2695047771,2.104981353,33.87307028,0,0,0.01190388713,0.7439929455,1.0
morph,morph=4h,4.0,,,,closed,42,14.10766949,0.2697005025,2.095312042,34.47862551,0,0.0001265519977,0.02187027623,1.367580111,1.0
morph,morph=4h,4.0,,,,open,42,14.11543214,0.2695047819,2.094923729,34.50167181,0,0,0.02210371028,1.381481892,1.0
morph,morph=4h,4.0,,,,closed,43,14.10766881,0.2697005207,2.095312119,34.47862083,0,0.0001265586222,0.02187026418,1.367579396,1.0
morph,morph=4h,4.0,,,,open,43,14.11543194,0.2695047866,2.094923758,34.50167004,0,0,0.02210371143,1.381481965,1.0
morph,morph=4h,4.0,,,,closed,44,14.10766864,0.2697005226,2.095312078,34.47862341,0,0.0001265616611,0.02187026,1.367579147,1.0
morph,morph=4h,4.0,,,,open,44,14.11543184,0.2695047895,2.09492376,34.50166996,0,0,0.02210371204,1.381482002,1.0
morph,morph=4h,4.0,,,,closed,45,14.10766904,0.2697005143,2.095312109,34.47862138,0,0.0001265593247,0.02187025847,1.367579039,1.0
morph,morph=4h,4.0,,,,open,45,14.11543234,0.2695047764,2.094923725,34.50167203,0,0,0.02210370898,1.381481811,1.0
morph,morph=4h,4.0,,,,closed,46,14.10766932,0.2697005074,2.095312052,34.4786249,0,0.0001265581102,0.02187026472,1.367579427,1.0
morph,morph=4h,4.0,,,,open,46,14.1154323,0.2695047771,2.094923716,34.50167258,0,0,0.02210370926,1.381481829,1.0
morph,morph=6h,6.0,,,,closed,42,15.28675274,0.2699396068,2.06238473,36.53807692,0,0.0002758675493,0.05087917446,3.181492909,1.0
morph,morph=6h,6.0,,,,open,42,15.30006671,0.2695047819,2.06167662,36.57961611,0,0,0.05127616277,3.204760173,1.0
morph,morph=6h,6.0,,,,closed,43,15.28675541,0.2699395317,2.062384596,36.53808481,0,0.0002758232496,0.05087925338,3.181497634,1.0
morph,morph=6h,6.0,,,,open,43,15.30006656,0.2695047866,2.06167664,36.5796149,0,0,0.05127616548,3.204760343,1.0
morph,morph=6h,6.0,,,,closed,44,15.28675243,0.2699396154,2.062384747,36.53807588,0,0.000275868681,0.05087917586,3.181492999,1.0
morph,morph=6h,6.0,,,,open,44,15.30006648,0.2695047895,2.061676642,36.5796148,0,0,0.05127616684,3.204760428,1.0
morph,morph=6h,6.0,,,,closed,45,15.28675541,0.2699395312,2.062384607,36.53808414,0,0.0002758262548,0.05087924083,3.181496861,1.0
morph,morph=6h,6.0,,,,open,45,15.30006687,0.2695047764,2.061676616,36.57961634,0,0,0.05127615983,3.204759989,1.0
morph,morph=6h,6.0,,,,closed,46,15.28675536,0.2699395339,2.062384598,36.5380847,0,0.0002758287727,0.0508792395,3.181496798,1.0
morph,morph=6h,6.0,,,,open,46,15.30006683,0.2695047771,2.061676611,36.57961667,0,0,0.05127616042,3.204760026,1.0
morph,morph=8h,8.0,,,,closed,42,16.04862315,0.2700782086,2.039094396,37.99458908,0,0.0003603490935,0.06899339335,4.31413281,1.0
morph,morph=8h,8.0,,,,open,42,16.06279354,0.2695047819,2.038315672,38.03967541,0,0,0.06941819867,4.338637417,1.0
morph,morph=8h,8.0,,,,closed,43,16.04862315,0.2700782077,2.039094395,37.99458909,0,0.0003603472813,0.06899340011,4.314133222,1.0
morph,morph=8h,8.0,,,,open,43,16.06279342,0.2695047866,2.038315687,38.03967449,0,0,0.06941820233,4.338637646,1.0
morph,morph=8h,8.0,,,,closed,44,16.04862317,0.2700782068,2.039094394,37.99458919,0,0.0003603444895,0.0689934048,4.314133499,1.0
morph,morph=8h,8.0,,,,open,44,16.06279335,0.2695047895,2.038315689,38.0396744,0,0,0.06941820415,4.338637759,1.0
morph,morph=8h,8.0,,,,closed,45,16.04862313,0.270078206,2.039094398,37.9945889,0,0.0003603502132,0.06899338694,4.314132409,1.0
morph,morph=8h,8.0,,,,open,45,16.06279367,0.2695047764,2.038315668,38.03967562,0,0,0.06941819475,4.338637172,1.0
morph,morph=8h,8.0,,,,closed,46,16.04862313,0.2700782073,2.039094397,37.99458898,0,0.0003603502172,0.06899338795,4.314132475,1.0
morph,morph=8h,8.0,,,,open,46,16.06279364,0.2695047771,2.038315664,38.03967585,0,0,0.06941819551,4.338637219,1.0
joint,lhs000,2.9683746314489996,0.002711972206108383,0.0107379041346215,0.5096316507805435,closed,42,13.18541359,0.2684698224,2.118710993,33.00849932,0,0.0009163845742,0.001951291995,0.1270019012,1.0
joint,lhs000,2.9683746314489996,0.002711972206108383,0.0107379041346215,0.5096316507805435,open,42,13.21481533,0.2678395374,2.116388944,33.14968809,0,0.00119176114,0.0009550352888,0.06670276513,1.0
joint,lhs000,2.9683746314489996,0.002711972206108383,0.0107379041346215,0.5096316507805435,closed,43,13.18540291,0.2684700245,2.118711483,33.00846998,0,0.000916300724,0.001951666426,0.1270245057,1.0
joint,lhs000,2.9683746314489996,0.002711972206108383,0.0107379041346215,0.5096316507805435,open,43,13.21481509,0.2678395423,2.116388982,33.14968577,0,0.001191761099,0.0009550353476,0.06670276885,1.0
joint,lhs000,2.9683746314489996,0.002711972206108383,0.0107379041346215,0.5096316507805435,closed,44,13.18540306,0.2684700211,2.11871148,33.00847016,0,0.0009163049597,0.001951657691,0.1270239887,1.0
joint,lhs000,2.9683746314489996,0.002711972206108383,0.0107379041346215,0.5096316507805435,open,44,13.21481497,0.2678395453,2.116388983,33.14968572,0,0.001191761068,0.000955035372,0.06670277011,1.0
joint,lhs000,2.9683746314489996,0.002711972206108383,0.0107379041346215,0.5096316507805435,closed,45,13.18540303,0.2684700217,2.118711482,33.00847004,0,0.000916298353,0.001951679764,0.1270253144,1.0
joint,lhs000,2.9683746314489996,0.002711972206108383,0.0107379041346215,0.5096316507805435,open,45,13.21481557,0.2678395319,2.116388941,33.14968826,0,0.001191761201,0.0009550352344,0.06670276221,1.0
joint,lhs000,2.9683746314489996,0.002711972206108383,0.0107379041346215,0.5096316507805435,closed,46,13.18540314,0.2684700188,2.118711471,33.00847068,0,0.0009163009254,0.00195167496,0.1270250314,1.0
joint,lhs000,2.9683746314489996,0.002711972206108383,0.0107379041346215,0.5096316507805435,open,46,13.21481553,0.2678395325,2.116388929,33.14968903,0,0.001191761188,0.0009550352435,0.06670276255,1.0
joint,lhs001,3.693114470533014,0.0025637548223008634,0.011292254802802937,0.4754545951060979,closed,42,13.82160535,0.2681521837,2.104528206,33.89293827,0,0.001171649841,0.01476671566,0.9160776155,1.0
joint,lhs001,3.693114470533014,0.0025637548223008634,0.011292254802802937,0.4754545951060979,open,42,13.86396656,0.267113394,2.101359251,34.08450554,0,0.001648607069,0.01587389775,0.9824724678,1.0
joint,lhs001,3.693114470533014,0.0025637548223008634,0.011292254802802937,0.4754545951060979,closed,43,13.8216051,0.2681521903,2.104528208,33.89293818,0,0.001171645616,0.01476671063,0.9160773291,1.0
joint,lhs001,3.693114470533014,0.0025637548223008634,0.011292254802802937,0.4754545951060979,open,43,13.86396636,0.267113399,2.101359282,34.08450362,0,0.001648607029,0.01587389856,0.9824725181,1.0
joint,lhs001,3.693114470533014,0.0025637548223008634,0.011292254802802937,0.4754545951060979,closed,44,13.82160528,0.268152185,2.104528214,33.89293779,0,0.001171652505,0.01476672285,0.916078048,1.0
joint,lhs001,3.693114470533014,0.0025637548223008634,0.011292254802802937,0.4754545951060979,open,44,13.86396625,0.2671134019,2.101359283,34.08450355,0,0.001648606992,0.015873899,0.9824725459,1.0
joint,lhs001,3.693114470533014,0.0025637548223008634,0.011292254802802937,0.4754545951060979,closed,45,13.82160518,0.2681521878,2.104528215,33.89293773,0,0.001171644082,0.01476670272,0.9160768431,1.0
joint,lhs001,3.693114470533014,0.0025637548223008634,0.011292254802802937,0.4754545951060979,open,45,13.86396678,0.2671133885,2.101359247,34.08450575,0,0.001648607142,0.01587389681,0.9824724085,1.0
joint,lhs001,3.693114470533014,0.0025637548223008634,0.011292254802802937,0.4754545951060979,closed,46,13.82160523,0.2681521863,2.104528201,33.89293857,0,0.001171645073,0.01476670553,0.9160770131,1.0
joint,lhs001,3.693114470533014,0.0025637548223008634,0.011292254802802937,0.4754545951060979,open,46,13.86396674,0.2671133891,2.101359237,34.08450635,0,0.001648607124,0.01587389703,0.9824724222,1.0
joint,lhs002,2.84215664635458,0.0023638342395908654,0.013212250936143095,0.5854659612951543,closed,42,13.14040081,0.2706000142,2.115883095,33.19855662,0,0.0009578533111,0.003277694829,0.1999828254,1.0
joint,lhs002,2.84215664635458,0.0023638342395908654,0.013212250936143095,0.5854659612951543,open,42,13.10593827,0.2712496471,2.118488695,33.03976685,0,0.001247660046,0.004036572611,0.2452604964,1.0
joint,lhs002,2.84215664635458,0.0023638342395908654,0.013212250936143095,0.5854659612951543,closed,43,13.14039771,0.2706000645,2.115883291,33.19854471,0,0.0009578704636,0.003277741467,0.1999856152,1.0
joint,lhs002,2.84215664635458,0.0023638342395908654,0.013212250936143095,0.5854659612951543,open,43,13.10593802,0.2712496515,2.118488734,33.03976444,0,0.001247659978,0.004036572801,0.2452605081,1.0
joint,lhs002,2.84215664635458,0.0023638342395908654,0.013212250936143095,0.5854659612951543,closed,44,13.14039757,0.2706000677,2.115883294,33.19854457,0,0.0009578704942,0.00327774204,0.1999856509,1.0
joint,lhs002,2.84215664635458,0.0023638342395908654,0.013212250936143095,0.5854659612951543,open,44,13.1059379,0.2712496543,2.118488735,33.0397644,0,0.0012476599,0.004036572927,0.2452605165,1.0
joint,lhs002,2.84215664635458,0.0023638342395908654,0.013212250936143095,0.5854659612951543,closed,45,13.14039715,0.2706000761,2.11588328,33.19854546,0,0.0009578822073,0.003277770484,0.1999873605,1.0
joint,lhs002,2.84215664635458,0.0023638342395908654,0.013212250936143095,0.5854659612951543,open,45,13.10593851,0.2712496418,2.118488692,33.03976701,0,0.001247660193,0.00403657235,0.245260479,1.0
joint,lhs002,2.84215664635458,0.0023638342395908654,0.013212250936143095,0.5854659612951543,closed,46,13.14039831,0.2706000539,2.115883213,33.19854954,0,0.0009578707452,0.003277742236,0.1999856684,1.0
joint,lhs002,2.84215664635458,0.0023638342395908654,0.013212250936143095,0.5854659612951543,open,46,13.10593847,0.2712496425,2.118488679,33.03976782,0,0.001247660154,0.004036572419,0.2452604839,1.0
joint,lhs003,2.241720260542896,0.0024569627553780084,0.011713053058998724,0.5028915758998371,closed,42,12.39595484,0.2682008356,2.133381551,32.08990828,0,0.001010669511,0.02290429073,1.437497194,1.0
joint,lhs003,2.241720260542896,0.0024569627553780084,0.011713053058998724,0.5028915758998371,open,42,12.41943821,0.2678003939,2.13093084,32.24057494,0,0.001155801226,0.02237389112,1.404884444,1.0
joint,lhs003,2.241720260542896,0.0024569627553780084,0.011713053058998724,0.5028915758998371,closed,43,12.39595548,0.2682008232,2.133381545,32.08990861,0,0.001010678735,0.02290426494,1.437495631,1.0
joint,lhs003,2.241720260542896,0.0024569627553780084,0.011713053058998724,0.5028915758998371,open,43,12.41943792,0.2678003987,2.130930888,32.24057198,0,0.001155801213,0.02237389218,1.404884511,1.0
joint,lhs003,2.241720260542896,0.0024569627553780084,0.011713053058998724,0.5028915758998371,closed,44,12.39595531,0.2682008263,2.133381573,32.08990683,0,0.001010680368,0.02290426397,1.437495583,1.0
joint,lhs003,2.241720260542896,0.0024569627553780084,0.011713053058998724,0.5028915758998371,open,44,12.41943779,0.2678004016,2.130930888,32.24057199,0,0.001155801201,0.02237389284,1.404884552,1.0
joint,lhs003,2.241720260542896,0.0024569627553780084,0.011713053058998724,0.5028915758998371,closed,45,12.39595539,0.2682008252,2.133381557,32.08990786,0,0.001010673008,0.02290427949,1.437496511,1.0
joint,lhs003,2.241720260542896,0.0024569627553780084,0.011713053058998724,0.5028915758998371,open,45,12.41943847,0.2678003884,2.130930839,32.240575,0,0.001155801249,0.02237388972,1.404884357,1.0
joint,lhs003,2.241720260542896,0.0024569627553780084,0.011713053058998724,0.5028915758998371,closed,46,12.39595512,0.2682008305,2.133381583,32.08990625,0,0.001010671909,0.02290428433,1.437496808,1.0
joint,lhs003,2.241720260542896,0.0024569627553780084,0.011713053058998724,0.5028915758998371,open,46,12.41943844,0.267800389,2.130930822,32.24057608,0,0.001155801243,0.02237389008,1.404884379,1.0
joint,lhs004,2.4873343394477043,0.003023748592863141,0.013915035828847946,0.4628520005335973,closed,42,12.7489558,0.2700217474,2.123790404,32.70073565,0,0.0004821705212,0.01357268864,0.8454955905,1.0
joint,lhs004,2.4873343394477043,0.003023748592863141,0.013915035828847946,0.4628520005335973,open,42,12.72082492,0.2705449432,2.125829255,32.57657745,0,0.0007307145023,0.01429631443,0.8893450057,1.0
joint,lhs004,2.4873343394477043,0.003023748592863141,0.013915035828847946,0.4628520005335973,closed,43,12.74895025,0.2700218384,2.123791066,32.70069489,0,0.0004821897039,0.01357278093,0.8455012695,1.0
joint,lhs004,2.4873343394477043,0.003023748592863141,0.013915035828847946,0.4628520005335973,open,43,12.72082464,0.2705449479,2.125829299,32.57657475,0,0.000730714492,0.01429631511,0.8893450479,1.0
joint,lhs004,2.4873343394477043,0.003023748592863141,0.013915035828847946,0.4628520005335973,closed,44,12.74895414,0.2700217726,2.123790491,32.70073039,0,0.0004821764134,0.01357271951,0.8454974928,1.0
joint,lhs004,2.4873343394477043,0.003023748592863141,0.013915035828847946,0.4628520005335973,open,44,12.72082452,0.2705449508,2.125829299,32.57657474,0,0.0007307144917,0.01429631553,0.8893450741,1.0
joint,lhs004,2.4873343394477043,0.003023748592863141,0.013915035828847946,0.4628520005335973,closed,45,12.74895446,0.2700217677,2.123790419,32.70073483,0,0.0004821834261,0.01357273359,0.8454983275,1.0
joint,lhs004,2.4873343394477043,0.003023748592863141,0.013915035828847946,0.4628520005335973,open,45,12.72082517,0.2705449377,2.125829253,32.57657755,0,0.0007307145044,0.01429631355,0.8893449507,1.0
joint,lhs004,2.4873343394477043,0.003023748592863141,0.013915035828847946,0.4628520005335973,closed,46,12.7489536,0.2700217819,2.123790545,32.70072708,0,0.0004821843925,0.0135727433,0.8454989336,1.0
joint,lhs004,2.4873343394477043,0.003023748592863141,0.013915035828847946,0.4628520005335973,open,46,12.72082514,0.2705449385,2.125829238,32.57657851,0,0.0007307145068,0.01429631378,0.8893449649,1.0
joint,lhs005,3.0173006551426957,0.0029042792144804317,0.011518463328116943,0.5299578170615074,closed,42,13.27413307,0.2696329805,2.114850846,33.25702827,0,0.000104615641,0.0004938714428,0.03125148809,1.0
joint,lhs005,3.0173006551426957,0.0029042792144804317,0.011518463328116943,0.5299578170615074,open,42,13.27247357,0.2696626211,2.115069038,33.24357649,0,0.0001105116648,0.0004543233,0.02874189642,1.0
joint,lhs005,3.0173006551426957,0.0029042792144804317,0.011518463328116943,0.5299578170615074,closed,43,13.2741336,0.2696329699,2.11485081,33.25703044,0,0.0001046105924,0.0004938949658,0.0312529352,1.0
joint,lhs005,3.0173006551426957,0.0029042792144804317,0.011518463328116943,0.5299578170615074,open,43,13.27247333,0.2696626259,2.115069075,33.2435742,0,0.0001105116813,0.0004543233261,0.02874189816,1.0
joint,lhs005,3.0173006551426957,0.0029042792144804317,0.011518463328116943,0.5299578170615074,closed,44,13.2741338,0.2696329647,2.114850753,33.25703394,0,0.0001046085767,0.0004939041066,0.03125349171,1.0
joint,lhs005,3.0173006551426957,0.0029042792144804317,0.011518463328116943,0.5299578170615074,open,44,13.27247322,0.2696626288,2.115069076,33.24357415,0,0.0001105116848,0.0004543233397,0.02874189903,1.0
joint,lhs005,3.0173006551426957,0.0029042792144804317,0.011518463328116943,0.5299578170615074,closed,45,13.27413321,0.2696329769,2.114850816,33.25703008,0,0.0001046184532,0.0004938677231,0.03125127567,1.0
joint,lhs005,3.0173006551426957,0.0029042792144804317,0.011518463328116943,0.5299578170615074,open,45,13.2724738,0.2696626156,2.115069035,33.24357666,0,0.0001105116558,0.0004543232707,0.02874189452,1.0
joint,lhs005,3.0173006551426957,0.0029042792144804317,0.011518463328116943,0.5299578170615074,closed,46,13.27413751,0.2696329,2.114850643,33.25704043,0,0.0001045808778,0.0004940023803,0.03125952583,1.0
joint,lhs005,3.0173006551426957,0.0029042792144804317,0.011518463328116943,0.5299578170615074,open,46,13.27247376,0.2696626163,2.115069023,33.24357742,0,0.0001105116549,0.0004543232773,0.02874189492,1.0
joint,lhs006,2.826006041046162,0.003268525896583072,0.010835762674683731,0.568703081483873,closed,42,13.11182326,0.270381737,2.116693575,33.14653743,0,0.0006267769594,0.003983418827,0.2457115829,1.0
joint,lhs006,2.826006041046162,0.003268525896583072,0.010835762674683731,0.568703081483873,open,42,13.0866092,0.2708727855,2.118886611,33.01254172,0,0.0008514383003,0.004508692315,0.2771639553,1.0
joint,lhs006,2.826006041046162,0.003268525896583072,0.010835762674683731,0.568703081483873,closed,43,13.11182509,0.2703817016,2.116693332,33.14655241,0,0.0006267660605,0.003983400083,0.2457104868,1.0
joint,lhs006,2.826006041046162,0.003268525896583072,0.010835762674683731,0.568703081483873,open,43,13.08660895,0.2708727904,2.11888665,33.01253931,0,0.0008514383356,0.004508692524,0.2771639678,1.0
joint,lhs006,2.826006041046162,0.003268525896583072,0.010835762674683731,0.568703081483873,closed,44,13.11182307,0.2703817399,2.116693608,33.1465354,0,0.0006267733023,0.003983412685,0.2457112188,1.0
joint,lhs006,2.826006041046162,0.003268525896583072,0.010835762674683731,0.568703081483873,open,44,13.08660883,0.2708727933,2.118886651,33.01253927,0,0.0008514383415,0.004508692651,0.2771639758,1.0
joint,lhs006,2.826006041046162,0.003268525896583072,0.010835762674683731,0.568703081483873,closed,45,13.11182003,0.2703817985,2.116694032,33.14650925,0,0.0006267959904,0.003983451779,0.2457135115,1.0
joint,lhs006,2.826006041046162,0.003268525896583072,0.010835762674683731,0.568703081483873,open,45,13.08660944,0.2708727801,2.118886608,33.01254187,0,0.0008514382843,0.004508692047,0.2771639386,1.0
joint,lhs006,2.826006041046162,0.003268525896583072,0.010835762674683731,0.568703081483873,closed,46,13.11182355,0.2703817316,2.116693553,33.14653875,0,0.0006267773586,0.003983418398,0.2457115525,1.0
joint,lhs006,2.826006041046162,0.003268525896583072,0.010835762674683731,0.568703081483873,open,46,13.0866094,0.2708727807,2.118886595,33.01254269,0,0.0008514382805,0.004508692115,0.2771639429,1.0
joint,lhs007,2.623565984146392,0.003237588295007933,0.0145175893106274,0.43646645911256077,closed,42,12.90797294,0.2703293091,2.120395512,32.91483868,0,0.0007159993182,0.009369206412,0.5814220251,1.0
joint,lhs007,2.623565984146392,0.003237588295007933,0.0145175893106274,0.43646645911256077,open,42,12.87388842,0.2709737263,2.123036202,32.75382319,0,0.001016680391,0.01019545729,0.6313897969,1.0
joint,lhs007,2.623565984146392,0.003237588295007933,0.0145175893106274,0.43646645911256077,closed,43,12.90797421,0.2703292879,2.120395446,32.91484265,0,0.0007159896695,0.009369174595,0.5814200851,1.0
joint,lhs007,2.623565984146392,0.003237588295007933,0.0145175893106274,0.43646645911256077,open,43,12.87388816,0.2709737311,2.123036243,32.75382061,0,0.001016680388,0.01019545778,0.6313898268,1.0
joint,lhs007,2.623565984146392,0.003237588295007933,0.0145175893106274,0.43646645911256077,closed,44,12.90798585,0.2703290849,2.120393541,32.91496048,0,0.0007159605537,0.009369050415,0.5814124699,1.0
joint,lhs007,2.623565984146392,0.003237588295007933,0.0145175893106274,0.43646645911256077,open,44,12.87388804,0.270973734,2.123036244,32.75382059,0,0.001016680398,0.01019545807,0.6313898451,1.0
joint,lhs007,2.623565984146392,0.003237588295007933,0.0145175893106274,0.43646645911256077,closed,45,12.90797278,0.2703293111,2.120395563,32.91483553,0,0.0007160012675,0.009369212045,0.5814223668,1.0
joint,lhs007,2.623565984146392,0.003237588295007933,0.0145175893106274,0.43646645911256077,open,45,12.87388867,0.2709737208,2.123036199,32.75382331,0,0.001016680373,0.01019545668,0.6313897583,1.0
joint,lhs007,2.623565984146392,0.003237588295007933,0.0145175893106274,0.43646645911256077,closed,46,12.9079731,0.2703293065,2.120395489,32.91484009,0,0.0007160016078,0.009369209841,0.5814222251,1.0
joint,lhs007,2.623565984146392,0.003237588295007933,0.0145175893106274,0.43646645911256077,open,46,12.87388863,0.2709737215,2.123036185,32.75382421,0,0.001016680382,0.01019545683,0.6313897682,1.0
joint,lhs008,3.595012166933661,0.0023101797428225325,0.012440904989208844,0.4324381158910392,closed,42,13.72267512,0.2674816996,2.107844343,33.68148921,0,0.001638274958,0.01235537012,0.7626773523,1.0
joint,lhs008,3.595012166933661,0.0023101797428225325,0.012440904989208844,0.4324381158910392,open,42,13.7784497,0.2661338455,2.103502507,33.94442982,0,0.002259473489,0.01374401127,0.8458248038,1.0
joint,lhs008,3.595012166933661,0.0023101797428225325,0.012440904989208844,0.4324381158910392,closed,43,13.72267351,0.2674817331,2.107844441,33.68148325,0,0.001638263698,0.01235533881,0.7626754506,1.0
joint,lhs008,3.595012166933661,0.0023101797428225325,0.012440904989208844,0.4324381158910392,open,43,13.77844949,0.2661338504,2.103502539,33.94442786,0,0.002259473456,0.01374401195,0.8458248462,1.0
joint,lhs008,3.595012166933661,0.0023101797428225325,0.012440904989208844,0.4324381158910392,closed,44,13.72267369,0.2674817278,2.107844384,33.68148678,0,0.001638264448,0.01235534179,0.7626756323,1.0
joint,lhs008,3.595012166933661,0.0023101797428225325,0.012440904989208844,0.4324381158910392,open,44,13.77844938,0.2661338534,2.103502541,33.94442779,0,0.002259473414,0.01374401234,0.8458248704,1.0
joint,lhs008,3.595012166933661,0.0023101797428225325,0.012440904989208844,0.4324381158910392,closed,45,13.72267322,0.2674817407,2.10784444,33.68148338,0,0.001638253099,0.01235531675,0.7626741352,1.0
joint,lhs008,3.595012166933661,0.0023101797428225325,0.012440904989208844,0.4324381158910392,open,45,13.77844992,0.26613384,2.103502504,33.94443003,0,0.002259473568,0.01374401045,0.8458247523,1.0
joint,lhs008,3.595012166933661,0.0023101797428225325,0.012440904989208844,0.4324381158910392,closed,46,13.72267327,0.2674817399,2.107844429,33.68148408,0,0.001638253567,0.01235531908,0.7626742792,1.0
joint,lhs008,3.595012166933661,0.0023101797428225325,0.012440904989208844,0.4324381158910392,open,46,13.77844988,0.2661338406,2.103502494,33.94443065,0,0.002259473545,0.01374401064,0.8458247645,1.0
joint,lhs009,3.995344776774952,0.0022462540344427044,0.010187551396854894,0.456991696663666,closed,42,14.01469624,0.2667227686,2.101327343,34.08405838,0,0.00237574488,0.01979597863,1.223344592,1.0
joint,lhs009,3.995344776774952,0.0022462540344427044,0.010187551396854894,0.456991696663666,open,42,14.08979115,0.2647146764,2.095637566,34.42711885,0,0.003288249028,0.02173502813,1.339117082,1.0
joint,lhs009,3.995344776774952,0.0022462540344427044,0.010187551396854894,0.456991696663666,closed,43,14.01469747,0.2667227411,2.101327279,34.08406222,0,0.002375755151,0.0197960106,1.223346536,1.0
joint,lhs009,3.995344776774952,0.0022462540344427044,0.010187551396854894,0.456991696663666,open,43,14.08979095,0.2647146814,2.095637595,34.42711707,0,0.003288248956,0.02173502924,1.33911715,1.0
joint,lhs009,3.995344776774952,0.0022462540344427044,0.010187551396854894,0.456991696663666,closed,44,14.01469766,0.2667227362,2.101327282,34.08406199,0,0.002375761205,0.01979602189,1.223347204,1.0
joint,lhs009,3.995344776774952,0.0022462540344427044,0.010187551396854894,0.456991696663666,open,44,14.08979085,0.2647146844,2.095637597,34.42711699,0,0.00328824889,0.02173502983,1.339117188,1.0
joint,lhs009,3.995344776774952,0.0022462540344427044,0.010187551396854894,0.456991696663666,closed,45,14.01469764,0.2667227366,2.101327262,34.08406325,0,0.002375751882,0.01979600189,1.223346013,1.0
joint,lhs009,3.995344776774952,0.0022462540344427044,0.010187551396854894,0.456991696663666,open,45,14.08979136,0.2647146707,2.095637562,34.42711907,0,0.003288249157,0.02173502686,1.339117001,1.0
joint,lhs009,3.995344776774952,0.0022462540344427044,0.010187551396854894,0.456991696663666,closed,46,14.0146963,0.2667227678,2.101327329,34.08405926,0,0.00237574056,0.01979597218,1.223344219,1.0
joint,lhs009,3.995344776774952,0.0022462540344427044,0.010187551396854894,0.456991696663666,open,46,14.08979132,0.2647146714,2.095637553,34.42711962,0,0.003288249125,0.02173502714,1.339117019,1.0
joint,lhs010,3.3157381441073177,0.0026849095483298634,0.01348513944253622,0.4025686435160408,closed,42,13.50470733,0.2682014895,2.112010591,33.42559738,0,0.001051059787,0.006692161406,0.4122891472,1.0
joint,lhs010,3.3157381441073177,0.0026849095483298634,0.01348513944253622,0.4025686435160408,open,42,13.54155609,0.2673565604,2.109134922,33.6000459,0,0.001439861071,0.007586351241,0.4658302275,1.0
joint,lhs010,3.3157381441073177,0.0026849095483298634,0.01348513944253622,0.4025686435160408,closed,43,13.50470785,0.268201477,2.112010598,33.42559686,0,0.001051070166,0.006692183102,0.4122904422,1.0
joint,lhs010,3.3157381441073177,0.0026849095483298634,0.01348513944253622,0.4025686435160408,open,43,13.54155586,0.2673565653,2.109134956,33.60004379,0,0.001439861034,0.007586351614,0.4658302505,1.0
joint,lhs010,3.3157381441073177,0.0026849095483298634,0.01348513944253622,0.4025686435160408,closed,44,13.50470705,0.2682014967,2.112010622,33.42559549,0,0.001051059895,0.006692162583,0.4122892196,1.0
joint,lhs010,3.3157381441073177,0.0026849095483298634,0.01348513944253622,0.4025686435160408,open,44,13.54155576,0.2673565683,2.109134957,33.60004373,0,0.001439860987,0.00758635183,0.4658302644,1.0
joint,lhs010,3.3157381441073177,0.0026849095483298634,0.01348513944253622,0.4025686435160408,closed,45,13.50470699,0.2682014977,2.112010616,33.42559586,0,0.001051052162,0.006692145293,0.4122881852,1.0
joint,lhs010,3.3157381441073177,0.0026849095483298634,0.01348513944253622,0.4025686435160408,open,45,13.54155632,0.2673565548,2.109134918,33.60004609,0,0.00143986116,0.007586350783,0.4658301982,1.0
joint,lhs010,3.3157381441073177,0.0026849095483298634,0.01348513944253622,0.4025686435160408,closed,46,13.50470753,0.2682014854,2.112010613,33.42559595,0,0.001051061741,0.00669216566,0.4122894045,1.0
joint,lhs010,3.3157381441073177,0.0026849095483298634,0.01348513944253622,0.4025686435160408,open,46,13.54155628,0.2673565555,2.109134907,33.60004677,0,0.001439861134,0.007586350893,0.4658302055,1.0
joint,lhs011,3.898615960095184,0.002774628130109238,0.012272587896790166,0.5450919519164628,closed,42,14.04835126,0.2702620297,2.096104062,34.43263383,0,0.0005573220618,0.02034423057,1.274853402,1.0
joint,lhs011,3.898615960095184,0.002774628130109238,0.012272587896790166,0.5450919519164628,open,42,14.04234995,0.2703963567,2.096795873,34.39023519,0,0.0005949430628,0.02020936753,1.266574259,1.0
joint,lhs011,3.898615960095184,0.002774628130109238,0.012272587896790166,0.5450919519164628,closed,43,14.04835248,0.270262009,2.096104105,34.43263101,0,0.0005573048856,0.02034427587,1.274856141,1.0
joint,lhs011,3.898615960095184,0.002774628130109238,0.012272587896790166,0.5450919519164628,open,43,14.04234975,0.2703963614,2.096795902,34.39023338,0,0.0005949430472,0.02020936859,1.266574326,1.0
joint,lhs011,3.898615960095184,0.002774628130109238,0.012272587896790166,0.5450919519164628,closed,44,14.04835272,0.2702620033,2.096104103,34.4326311,0,0.0005572982741,0.02034428794,1.274856854,1.0
joint,lhs011,3.898615960095184,0.002774628130109238,0.012272587896790166,0.5450919519164628,open,44,14.04234965,0.2703963642,2.096795904,34.3902333,0,0.0005949430231,0.02020936914,1.26657436,1.0
joint,lhs011,3.898615960095184,0.002774628130109238,0.012272587896790166,0.5450919519164628,closed,45,14.04835267,0.2702620042,2.096104096,34.43263152,0,0.0005573066512,0.02034426824,1.274855673,1.0
joint,lhs011,3.898615960095184,0.002774628130109238,0.012272587896790166,0.5450919519164628,open,45,14.04235016,0.2703963513,2.096795869,34.39023541,0,0.0005949431079,0.02020936634,1.266574185,1.0
joint,lhs011,3.898615960095184,0.002774628130109238,0.012272587896790166,0.5450919519164628,closed,46,14.04835091,0.2702620416,2.096104178,34.43262666,0,0.0005573249049,0.02034422013,1.274852764,1.0
joint,lhs011,3.898615960095184,0.002774628130109238,0.012272587896790166,0.5450919519164628,open,46,14.04235012,0.270396352,2.09679586,34.39023597,0,0.0005949430938,0.0202093666,1.266574201,1.0
joint,lhs012,2.0553696905192482,0.0026162297833421705,0.01367262112255084,0.4853164807952059,closed,42,12.22039223,0.2693011244,2.132940532,32.12434876,0,0.0002053378465,0.0280078274,1.750736252,1.0
joint,lhs012,2.0553696905192482,0.0026162297833421705,0.01367262112255084,0.4853164807952059,open,42,12.20160035,0.2696488548,2.133715011,32.07811715,0,0.0001934383638,0.02859048383,1.785996455,1.0
joint,lhs012,2.0553696905192482,0.0026162297833421705,0.01367262112255084,0.4853164807952059,closed,43,12.22039214,0.2693011269,2.132940526,32.12434919,0,0.0002053372709,0.02800782933,1.750736358,1.0
joint,lhs012,2.0553696905192482,0.0026162297833421705,0.01367262112255084,0.4853164807952059,open,43,12.20160003,0.2696488595,2.133715062,32.07811398,0,0.0001934383505,0.02859048512,1.785996536,1.0
joint,lhs012,2.0553696905192482,0.0026162297833421705,0.01367262112255084,0.4853164807952059,closed,44,12.22039244,0.2693011125,2.132940584,32.12434543,0,0.0002053462289,0.02800779613,1.750734409,1.0
joint,lhs012,2.0553696905192482,0.0026162297833421705,0.01367262112255084,0.4853164807952059,open,44,12.20159991,0.2696488623,2.133715062,32.07811401,0,0.0001934383404,0.02859048599,1.78599659,1.0
joint,lhs012,2.0553696905192482,0.0026162297833421705,0.01367262112255084,0.4853164807952059,closed,45,12.22038787,0.2693011872,2.132940719,32.12433745,0,0.0002053105669,0.02800794426,1.750743417,1.0
joint,lhs012,2.0553696905192482,0.0026162297833421705,0.01367262112255084,0.4853164807952059,open,45,12.20160061,0.2696488494,2.13371501,32.07811716,0,0.0001934383832,0.02859048202,1.785996342,1.0
joint,lhs012,2.0553696905192482,0.0026162297833421705,0.01367262112255084,0.4853164807952059,closed,46,12.2203918,0.2693011371,2.132940522,32.12434946,0,0.0002053306345,0.02800785571,1.750737933,1.0
joint,lhs012,2.0553696905192482,0.0026162297833421705,0.01367262112255084,0.4853164807952059,open,46,12.20160058,0.2696488501,2.133714991,32.07811835,0,0.0001934383802,0.02859048252,1.785996373,1.0
joint,lhs013,2.7382173816828552,0.002983169882611989,0.010539035072751383,0.4437763305992823,closed,42,12.93668549,0.2680315329,2.12444688,32.64726711,0,0.001319609879,0.008351438943,0.5295537484,1.0
joint,lhs013,2.7382173816828552,0.002983169882611989,0.010539035072751383,0.4437763305992823,open,42,12.9757241,0.2672011096,2.121315075,32.83781472,0,0.001673148814,0.007234562545,0.4617336162,1.0
joint,lhs013,2.7382173816828552,0.002983169882611989,0.010539035072751383,0.4437763305992823,closed,43,12.93668508,0.268031543,2.124446936,32.64726363,0,0.001319607135,0.008351445215,0.5295541218,1.0
joint,lhs013,2.7382173816828552,0.002983169882611989,0.010539035072751383,0.4437763305992823,open,43,12.97572384,0.2672011147,2.121315116,32.83781223,0,0.001673148736,0.007234562917,0.4617336397,1.0
joint,lhs013,2.7382173816828552,0.002983169882611989,0.010539035072751383,0.4437763305992823,closed,44,12.93668072,0.2680316223,2.124447105,32.64725357,0,0.001319576894,0.008351575351,0.5295620459,1.0
joint,lhs013,2.7382173816828552,0.002983169882611989,0.010539035072751383,0.4437763305992823,open,44,12.97572373,0.2672011177,2.121315117,32.8378122,0,0.001673148667,0.007234563117,0.4617336515,1.0
joint,lhs013,2.7382173816828552,0.002983169882611989,0.010539035072751383,0.4437763305992823,closed,45,12.93669031,0.2680314442,2.124446678,32.64727912,0,0.001319642294,0.008351299095,0.5295452316,1.0
joint,lhs013,2.7382173816828552,0.002983169882611989,0.010539035072751383,0.4437763305992823,open,45,12.97572434,0.267201104,2.121315073,32.83781486,0,0.001673148949,0.007234562117,0.4617335904,1.0
joint,lhs013,2.7382173816828552,0.002983169882611989,0.010539035072751383,0.4437763305992823,closed,46,12.93668535,0.2680315367,2.124446912,32.64726509,0,0.001319606768,0.008351449133,0.5295543656,1.0
joint,lhs013,2.7382173816828552,0.002983169882611989,0.010539035072751383,0.4437763305992823,open,46,12.97572431,0.2672011046,2.121315059,32.83781571,0,0.001673148918,0.007234562215,0.461733596,1.0
joint,lhs014,3.209510413648043,0.0027847867510426205,0.014985908901254168,0.5405465105851894,closed,42,13.53793474,0.2718945788,2.10538039,33.86306674,0,0.002007320313,0.007423262038,0.4757026789,1.0
joint,lhs014,3.209510413648043,0.0027847867510426205,0.014985908901254168,0.5405465105851894,open,42,13.47367406,0.2731335473,2.110492691,33.55129146,0,0.00255743917,0.005487344566,0.3578993682,1.0
joint,lhs014,3.209510413648043,0.0027847867510426205,0.014985908901254168,0.5405465105851894,closed,43,13.53793634,0.2718945509,2.105380188,33.86307919,0,0.002007312879,0.007423320414,0.4757062684,1.0
joint,lhs014,3.209510413648043,0.0027847867510426205,0.014985908901254168,0.5405465105851894,open,43,13.47367383,0.2731335516,2.110492726,33.5512893,0,0.002557439081,0.005487344869,0.3578993874,1.0
joint,lhs014,3.209510413648043,0.0027847867510426205,0.014985908901254168,0.5405465105851894,closed,44,13.5379366,0.2718945492,2.105380134,33.86308256,0,0.002007314042,0.007423330974,0.4757069329,1.0
joint,lhs014,3.209510413648043,0.0027847867510426205,0.014985908901254168,0.5405465105851894,open,44,13.47367372,0.2731335544,2.110492728,33.55128924,0,0.002557438997,0.005487345016,0.3578993958,1.0
joint,lhs014,3.209510413648043,0.0027847867510426205,0.014985908901254168,0.5405465105851894,closed,45,13.53793615,0.2718945577,2.105380178,33.86307987,0,0.002007323785,0.007423296984,0.4757048811,1.0
joint,lhs014,3.209510413648043,0.0027847867510426205,0.014985908901254168,0.5405465105851894,open,45,13.47367429,0.273133542,2.110492688,33.55129165,0,0.002557439333,0.005487344246,0.3578993494,1.0
joint,lhs014,3.209510413648043,0.0027847867510426205,0.014985908901254168,0.5405465105851894,closed,46,13.53793468,0.271894583,2.105380366,33.86306824,0,0.002007328432,0.007423251977,0.4757021059,1.0
joint,lhs014,3.209510413648043,0.0027847867510426205,0.014985908901254168,0.5405465105851894,open,46,13.47367425,0.2731335428,2.110492677,33.55129235,0,0.002557439293,0.005487344312,0.3578993529,1.0
joint,lhs015,2.3952938375525594,0.002856638381304752,0.010263519623421568,0.5180765734150654,closed,42,12.57866917,0.268433044,2.130076944,32.29789755,0,0.0009513334075,0.01794843081,1.127240064,1.0
joint,lhs015,2.3952938375525594,0.002856638381304752,0.010263519623421568,0.5180765734150654,open,42,12.60105042,0.2680089443,2.128053494,32.4217125,0,0.001116232606,0.01738529199,1.09288642,1.0
joint,lhs015,2.3952938375525594,0.002856638381304752,0.010263519623421568,0.5180765734150654,closed,43,12.57866929,0.268433042,2.130076928,32.29789854,0,0.0009513342708,0.0179484243,1.127239658,1.0
joint,lhs015,2.3952938375525594,0.002856638381304752,0.010263519623421568,0.5180765734150654,open,43,12.60105014,0.2680089493,2.12805354,32.4217097,0,0.001116232554,0.01738529282,1.092886473,1.0
joint,lhs015,2.3952938375525594,0.002856638381304752,0.010263519623421568,0.5180765734150654,closed,44,12.57866919,0.2684330442,2.130076933,32.29789824,0,0.0009513351713,0.01794842317,1.127239594,1.0
joint,lhs015,2.3952938375525594,0.002856638381304752,0.010263519623421568,0.5180765734150654,open,44,12.60105002,0.2680089522,2.12805354,32.4217097,0,0.001116232517,0.01738529333,1.092886504,1.0
joint,lhs015,2.3952938375525594,0.002856638381304752,0.010263519623421568,0.5180765734150654,closed,45,12.57866844,0.2684330602,2.13007693,32.29789851,0,0.0009513182594,0.01794846724,1.127242236,1.0
joint,lhs015,2.3952938375525594,0.002856638381304752,0.010263519623421568,0.5180765734150654,open,45,12.60105068,0.2680089387,2.128053493,32.42171258,0,0.00111623268,0.01738529092,1.092886354,1.0
joint,lhs015,2.3952938375525594,0.002856638381304752,0.010263519623421568,0.5180765734150654,closed,46,12.57866851,0.2684330579,2.130076932,32.29789838,0,0.0009513213847,0.01794846132,1.127241889,1.0
joint,lhs015,2.3952938375525594,0.002856638381304752,0.010263519623421568,0.5180765734150654,open,46,12.60105064,0.2680089393,2.128053477,32.42171358,0,0.001116232665,0.01738529119,1.09288637,1.0
joint,lhs016,3.401781359863839,0.0031491811204423814,0.012734548895485762,0.49197146662112007,closed,42,13.65058491,0.270363979,2.10537395,33.85390298,0,0.0006547999917,0.01020511203,0.6418181905,1.0
joint,lhs016,3.401781359863839,0.0031491811204423814,0.012734548895485762,0.49197146662112007,open,42,13.63458101,0.2707056072,2.106842581,33.76424871,0,0.0007939952848,0.009794692214,0.6168121449,1.0
joint,lhs016,3.401781359863839,0.0031491811204423814,0.012734548895485762,0.49197146662112007,closed,43,13.65058487,0.2703639796,2.10537395,33.85390303,0,0.0006547996451,0.01020511618,0.64181845,1.0
joint,lhs016,3.401781359863839,0.0031491811204423814,0.012734548895485762,0.49197146662112007,open,43,13.63458078,0.270705612,2.106842615,33.76424666,0,0.000793995291,0.009794692728,0.6168121773,1.0
joint,lhs016,3.401781359863839,0.0031491811204423814,0.012734548895485762,0.49197146662112007,closed,44,13.65058484,0.2703639806,2.105373954,33.85390275,0,0.0006547978739,0.01020511953,0.6418186485,1.0
joint,lhs016,3.401781359863839,0.0031491811204423814,0.012734548895485762,0.49197146662112007,open,44,13.63458068,0.2707056149,2.106842616,33.7642466,0,0.0007939952954,0.009794693002,0.6168121944,1.0
joint,lhs016,3.401781359863839,0.0031491811204423814,0.012734548895485762,0.49197146662112007,closed,45,13.65058494,0.2703639783,2.10537395,33.85390301,0,0.0006548036696,0.01020510469,0.6418177541,1.0
joint,lhs016,3.401781359863839,0.0031491811204423814,0.012734548895485762,0.49197146662112007,open,45,13.63458123,0.2707056017,2.106842578,33.76424891,0,0.0007939952759,0.009794691624,0.6168121081,1.0
joint,lhs016,3.401781359863839,0.0031491811204423814,0.012734548895485762,0.49197146662112007,closed,46,13.65058494,0.2703639785,2.105373956,33.85390263,0,0.0006548021401,0.01020510719,0.6418179008,1.0
joint,lhs016,3.401781359863839,0.0031491811204423814,0.012734548895485762,0.49197146662112007,open,46,13.63458119,0.2707056024,2.106842567,33.76424956,0,0.0007939952779,0.009794691757,0.6168121163,1.0
joint,lhs017,2.297428138438996,0.0023467913940564905,0.014664440221701297,0.5611267323654935,closed,42,12.57729382,0.2710041906,2.124340482,32.67249605,0,0.001397770768,0.01849152407,1.148155622,1.0
joint,lhs017,2.297428138438996,0.0023467913940564905,0.014664440221701297,0.5611267323654935,open,42,12.51074793,0.2721035527,2.129160223,32.3781333,0,0.001895931674,0.02014243808,1.248321717,1.0
joint,lhs017,2.297428138438996,0.0023467913940564905,0.014664440221701297,0.5611267323654935,closed,43,12.57729146,0.2710042237,2.124340577,32.67249034,0,0.001397782746,0.0184915774,1.148158888,1.0
joint,lhs017,2.297428138438996,0.0023467913940564905,0.014664440221701297,0.5611267323654935,open,43,12.51074763,0.2721035569,2.129160269,32.37813041,0,0.001895931576,0.02014243901,1.248321775,1.0
joint,lhs017,2.297428138438996,0.0023467913940564905,0.014664440221701297,0.5611267323654935,closed,44,12.57729147,0.2710042287,2.124340539,32.67249276,0,0.001397787357,0.0184915851,1.148159335,1.0
joint,lhs017,2.297428138438996,0.0023467913940564905,0.014664440221701297,0.5611267323654935,open,44,12.51074751,0.2721035597,2.129160269,32.37813041,0,0.00189593148,0.02014243962,1.248321814,1.0
joint,lhs017,2.297428138438996,0.0023467913940564905,0.014664440221701297,0.5611267323654935,closed,45,12.57729147,0.2710042257,2.124340572,32.67249067,0,0.001397789201,0.0184915912,1.148159708,1.0
joint,lhs017,2.297428138438996,0.0023467913940564905,0.014664440221701297,0.5611267323654935,open,45,12.51074819,0.2721035474,2.129160221,32.37813337,0,0.001895931858,0.0201424368,1.248321636,1.0
joint,lhs017,2.297428138438996,0.0023467913940564905,0.014664440221701297,0.5611267323654935,closed,46,12.57729154,0.2710042243,2.124340567,32.67249097,0,0.001397787363,0.0184915864,1.14815942,1.0
joint,lhs017,2.297428138438996,0.0023467913940564905,0.014664440221701297,0.5611267323654935,open,46,12.51074815,0.2721035482,2.129160204,32.37813441,0,0.001895931813,0.02014243715,1.248321659,1.0
joint,lhs018,2.556787272148463,0.0031704374860087588,0.014140752959884158,0.5922145077645791,closed,42,12.93997677,0.2729439381,2.114226232,33.31676012,0,0.00277493949,0.009632238341,0.5886577401,1.0
joint,lhs018,2.556787272148463,0.0031704374860087588,0.014140752959884158,0.5922145077645791,open,42,12.82202575,0.2749068586,2.123708984,32.73635636,0,0.003678062162,0.01183665718,0.7190997319,1.0
joint,lhs018,2.556787272148463,0.0031704374860087588,0.014140752959884158,0.5922145077645791,closed,43,12.93996618,0.2729440805,2.114226545,33.31674142,0,0.002775001967,0.009632401204,0.5886674823,1.0
joint,lhs018,2.556787272148463,0.0031704374860087588,0.014140752959884158,0.5922145077645791,open,43,12.82202548,0.2749068629,2.123709027,32.73635373,0,0.00367806208,0.0118366577,0.7190997635,1.0
joint,lhs018,2.556787272148463,0.0031704374860087588,0.014140752959884158,0.5922145077645791,closed,44,12.939978,0.2729439215,2.114226047,33.31677156,0,0.002774934026,0.009632242075,0.5886580632,1.0
joint,lhs018,2.556787272148463,0.0031704374860087588,0.014140752959884158,0.5922145077645791,open,44,12.82202536,0.2749068657,2.123709027,32.73635371,0,0.003678061982,0.01183665806,0.7190997866,1.0
joint,lhs018,2.556787272148463,0.0031704374860087588,0.014140752959884158,0.5922145077645791,closed,45,12.93997879,0.2729439093,2.11422597,33.31677628,0,0.002774936002,0.009632245682,0.5886582914,1.0
joint,lhs018,2.556787272148463,0.0031704374860087588,0.014140752959884158,0.5922145077645791,open,45,12.822026,0.2749068533,2.123708982,32.73635648,0,0.003678062349,0.01183665644,0.7190996843,1.0
joint,lhs018,2.556787272148463,0.0031704374860087588,0.014140752959884158,0.5922145077645791,closed,46,12.93997882,0.2729439076,2.114225972,33.31677616,0,0.002774932985,0.009632238246,0.5886578377,1.0
joint,lhs018,2.556787272148463,0.0031704374860087588,0.014140752959884158,0.5922145077645791,open,46,12.82202597,0.2749068541,2.123708967,32.7363574,0,0.003678062297,0.01183665664,0.7190996979,1.0
joint,lhs019,2.106596681101599,0.0030622318153851304,0.011058279941588242,0.466761810478941,closed,42,12.24590561,0.2685520612,2.134488345,32.0229288,0,0.0008238878003,0.02715007128,1.701514138,1.0
joint,lhs019,2.106596681101599,0.0030622318153851304,0.011058279941588242,0.466761810478941,open,42,12.25721289,0.2683615117,2.133135647,32.1062815,0,0.000877019661,0.02692416399,1.687598257,1.0
joint,lhs019,2.106596681101599,0.0030622318153851304,0.011058279941588242,0.466761810478941,closed,43,12.24590771,0.2685520282,2.134488288,32.02293215,0,0.0008239033048,0.02715000922,1.701510337,1.0
joint,lhs019,2.106596681101599,0.0030622318153851304,0.011058279941588242,0.466761810478941,open,43,12.25721258,0.2683615168,2.133135697,32.10627839,0,0.0008770196069,0.02692416522,1.687598334,1.0
joint,lhs019,2.106596681101599,0.0030622318153851304,0.011058279941588242,0.466761810478941,closed,44,12.24589449,0.268552235,2.134488688,32.02290848,0,0.0008238144603,0.02715036761,1.701532283,1.0
joint,lhs019,2.106596681101599,0.0030622318153851304,0.011058279941588242,0.466761810478941,open,44,12.25721246,0.2683615197,2.133135697,32.10627842,0,0.0008770195597,0.02692416602,1.687598384,1.0
joint,lhs019,2.106596681101599,0.0030622318153851304,0.011058279941588242,0.466761810478941,closed,45,12.24591095,0.2685519743,2.13448792,32.02295487,0,0.0008239132324,0.02714995435,1.70150694,1.0
joint,lhs019,2.106596681101599,0.0030622318153851304,0.011058279941588242,0.466761810478941,open,45,12.25721315,0.2683615061,2.133135646,32.10628151,0,0.0008770197524,0.02692416231,1.687598153,1.0
joint,lhs019,2.106596681101599,0.0030622318153851304,0.011058279941588242,0.466761810478941,closed,46,12.24589738,0.2685521895,2.134488581,32.02291485,0,0.0008238286106,0.02715030345,1.701528341,1.0
joint,lhs019,2.106596681101599,0.0030622318153851304,0.011058279941588242,0.466761810478941,open,46,12.25721312,0.2683615068,2.133135628,32.10628267,0,0.000877019732,0.02692416276,1.687598181,1.0
joint,lhs020,3.474223593039963,0.002538088058519884,0.014374449206490579,0.5789183210416392,closed,42,13.76337556,0.2718170194,2.100662847,34.15742844,0,0.001919804316,0.01309743315,0.8298515642,1.0
joint,lhs020,3.474223593039963,0.002538088058519884,0.014374449206490579,0.5789183210416392,open,42,13.70882829,0.2729108307,2.105022461,33.89178891,0,0.002400030357,0.0115655732,0.73681352,1.0
joint,lhs020,3.474223593039963,0.002538088058519884,0.014374449206490579,0.5789183210416392,closed,43,13.76337546,0.2718170268,2.100662622,34.15744253,0,0.001919822947,0.01309742513,0.8298512163,1.0
joint,lhs020,3.474223593039963,0.002538088058519884,0.014374449206490579,0.5789183210416392,open,43,13.70882807,0.2729108349,2.105022493,33.89178689,0,0.00240003026,0.01156557382,0.7368135587,1.0
joint,lhs020,3.474223593039963,0.002538088058519884,0.014374449206490579,0.5789183210416392,closed,44,13.76337716,0.271816993,2.100662597,34.15744391,0,0.001919800474,0.01309748197,0.8298546037,1.0
joint,lhs020,3.474223593039963,0.002538088058519884,0.014374449206490579,0.5789183210416392,open,44,13.70882796,0.2729108377,2.105022495,33.89178683,0,0.002400030158,0.01156557413,0.7368135774,1.0
joint,lhs020,3.474223593039963,0.002538088058519884,0.014374449206490579,0.5789183210416392,closed,45,13.76337715,0.2718169922,2.10066261,34.15744307,0,0.001919805172,0.01309746404,0.8298535142,1.0
joint,lhs020,3.474223593039963,0.002538088058519884,0.014374449206490579,0.5789183210416392,open,45,13.70882851,0.2729108254,2.105022457,33.89178911,0,0.002400030552,0.01156557253,0.7368134792,1.0
joint,lhs020,3.474223593039963,0.002538088058519884,0.014374449206490579,0.5789183210416392,closed,46,13.76337822,0.2718169745,2.100662566,34.15744574,0,0.001919796666,0.01309749775,0.8298555635,1.0
joint,lhs020,3.474223593039963,0.002538088058519884,0.014374449206490579,0.5789183210416392,open,46,13.70882847,0.2729108262,2.105022447,33.89178975,0,0.002400030502,0.01156557267,0.7368134875,1.0
joint,lhs021,3.765606633934236,0.002442704060673249,0.011878229749962731,0.5557033471498508,closed,42,13.92114479,0.2694809047,2.10034943,34.16241626,0,6.618523904e-05,0.0171769216,1.073162014,1.0
joint,lhs021,3.765606633934236,0.002442704060673249,0.011878229749962731,0.5557033471498508,open,42,13.93249291,0.269215936,2.099604865,34.20729552,0,0.0002011194912,0.0174924172,1.092108919,1.0
joint,lhs021,3.765606633934236,0.002442704060673249,0.011878229749962731,0.5557033471498508,closed,43,13.92114563,0.2694808841,2.100349312,34.16242354,0,6.618757607e-05,0.01717694365,1.073163365,1.0
joint,lhs021,3.765606633934236,0.002442704060673249,0.011878229749962731,0.5557033471498508,open,43,13.9324927,0.2692159406,2.099604896,34.20729364,0,0.0002011195067,0.0174924181,1.092108975,1.0
joint,lhs021,3.765606633934236,0.002442704060673249,0.011878229749962731,0.5557033471498508,closed,44,13.92114503,0.2694808987,2.100349421,34.16241682,0,6.61905359e-05,0.01717693814,1.073163008,1.0
joint,lhs021,3.765606633934236,0.002442704060673249,0.011878229749962731,0.5557033471498508,open,44,13.9324926,0.2692159435,2.099604897,34.20729357,0,0.0002011195347,0.01749241858,1.092109005,1.0
joint,lhs021,3.765606633934236,0.002442704060673249,0.011878229749962731,0.5557033471498508,closed,45,13.92114481,0.2694809046,2.100349434,34.16241606,0,6.618184597e-05,0.01717691387,1.073161554,1.0
joint,lhs021,3.765606633934236,0.002442704060673249,0.011878229749962731,0.5557033471498508,open,45,13.93249312,0.2692159306,2.099604861,34.20729573,0,0.000201119439,0.01749241617,1.092108855,1.0
joint,lhs021,3.765606633934236,0.002442704060673249,0.011878229749962731,0.5557033471498508,closed,46,13.92114481,0.2694809053,2.100349421,34.16241685,0,6.618063113e-05,0.01717691436,1.073161591,1.0
joint,lhs021,3.765606633934236,0.002442704060673249,0.011878229749962731,0.5557033471498508,open,46,13.93249308,0.2692159313,2.099604852,34.20729632,0,0.0002011194568,0.01749241639,1.092108869,1.0
joint,lhs022,3.520302515199539,0.0033180124187075443,0.013047864734082752,0.4157258806611324,closed,42,13.72842642,0.2696801771,2.104554364,33.90085337,0,0.0002094385451,0.01223095996,0.7650223618,1.0
joint,lhs022,3.520302515199539,0.0033180124187075443,0.013047864734082752,0.4157258806611324,open,42,13.73174178,0.269589409,2.10455022,33.90054508,0,0.0001656085426,0.01235643904,0.7723967934,1.0
joint,lhs022,3.520302515199539,0.0033180124187075443,0.013047864734082752,0.4157258806611324,closed,43,13.72842759,0.2696801547,2.104554335,33.90085501,0,0.0002094276787,0.01223099848,0.765024705,1.0
joint,lhs022,3.520302515199539,0.0033180124187075443,0.013047864734082752,0.4157258806611324,open,43,13.73174156,0.2695894139,2.104550252,33.90054309,0,0.0001656085594,0.01235643968,0.7723968337,1.0
joint,lhs022,3.520302515199539,0.0033180124187075443,0.013047864734082752,0.4157258806611324,closed,44,13.72842734,0.2696801606,2.104554347,33.90085433,0,0.0002094284795,0.01223099493,0.765024489,1.0
joint,lhs022,3.520302515199539,0.0033180124187075443,0.013047864734082752,0.4157258806611324,open,44,13.73174146,0.2695894169,2.104550253,33.90054303,0,0.0001656085794,0.01235644003,0.7723968559,1.0
joint,lhs022,3.520302515199539,0.0033180124187075443,0.013047864734082752,0.4157258806611324,closed,45,13.72844295,0.2696798444,2.104553633,33.90089694,0,0.0002093082359,0.012231408,0.7650495685,1.0
joint,lhs022,3.520302515199539,0.0033180124187075443,0.013047864734082752,0.4157258806611324,open,45,13.731742,0.2695894034,2.104550216,33.90054528,0,0.0001656085023,0.01235643829,0.7723967462,1.0
joint,lhs022,3.520302515199539,0.0033180124187075443,0.013047864734082752,0.4157258806611324,closed,46,13.72842746,0.2696801576,2.104554312,33.90085647,0,0.0002094333521,0.01223098088,0.7650236498,1.0
joint,lhs022,3.520302515199539,0.0033180124187075443,0.013047864734082752,0.4157258806611324,open,46,13.73174196,0.269589404,2.104550206,33.90054592,0,0.0001656085191,0.01235643846,0.772396757,1.0
joint,lhs023,3.1517641377247916,0.0029635351896738792,0.012648434415354624,0.4235087194918793,closed,42,13.372839,0.2687738103,2.114096656,33.29879529,0,0.0006408974163,0.003197255716,0.1963373302,1.0
joint,lhs023,3.1517641377247916,0.0029635351896738792,0.012648434415354624,0.4235087194918793,open,42,13.39471173,0.2682840623,2.112447482,33.39880778,0,0.0008596052561,0.003727258552,0.2280467811,1.0
joint,lhs023,3.1517641377247916,0.0029635351896738792,0.012648434415354624,0.4235087194918793,closed,43,13.37280671,0.2687745709,2.114096373,33.29881774,0,0.0006403819484,0.003196079567,0.1962669058,1.0
joint,lhs023,3.1517641377247916,0.0029635351896738792,0.012648434415354624,0.4235087194918793,open,43,13.3947115,0.2682840673,2.112447517,33.39880558,0,0.0008596052129,0.003727258735,0.2280467923,1.0
joint,lhs023,3.1517641377247916,0.0029635351896738792,0.012648434415354624,0.4235087194918793,closed,44,13.37284031,0.2687737836,2.114096559,33.29880124,0,0.000640909008,0.003197286267,0.1963391662,1.0
joint,lhs023,3.1517641377247916,0.0029635351896738792,0.012648434415354624,0.4235087194918793,open,44,13.39471139,0.2682840702,2.112447519,33.39880553,0,0.0008596051669,0.003727258845,0.2280467996,1.0
joint,lhs023,3.1517641377247916,0.0029635351896738792,0.012648434415354624,0.4235087194918793,closed,45,13.37284103,0.26877377,2.114096566,33.2988007,0,0.000640910851,0.003197293906,0.1963396404,1.0
joint,lhs023,3.1517641377247916,0.0029635351896738792,0.012648434415354624,0.4235087194918793,open,45,13.39471197,0.2682840567,2.112447478,33.39880796,0,0.0008596053443,0.00372725832,0.2280467659,1.0
joint,lhs023,3.1517641377247916,0.0029635351896738792,0.012648434415354624,0.4235087194918793,closed,46,13.37284074,0.2687737773,2.114096575,33.29880018,0,0.0006409075528,0.003197287578,0.1963392671,1.0
joint,lhs023,3.1517641377247916,0.0029635351896738792,0.012648434415354624,0.4235087194918793,open,46,13.39471193,0.2682840574,2.112447467,33.39880868,0,0.0008596053212,0.003727258378,0.2280467698,1.0
